Web_Site_Member_ID,Master_Member_ID,API_GUID,Constituent_ID,Registration_Date,Approved_Site_Member,Date_Approved,Date_Last_Login,Member_Suspended,Last_Updated,Date_Membership_Expires,Membership,Has_Donated_Online,Date_Last_Donated,Has_Purchased_Online,Date_Last_Purchased,Has_Registered_Event_Online,Date_Last_Event_Reg,Username,Password,Member_Type_Code,Primary_Group_Code,Group_Codes,Gender,First_Name,Middle_Name,Last_Name,Nickname,Member_Name_Suffix,Member_Name_Title,Birthdate,Marriage_Status,Maiden_Name,Anniversary_Date,Spouse_Name,Email_Address,Email_Address_Alternate,Email_Bounced,Messenger_Type,Messenger_Handle,Home_Address_Line1,Home_Address_Line2,Home_City,Home_Location,Home_State_Abbrev,Home_Postal_Code,Home_Country,Personal_Website,Home_Phone_Country_Code,Home_Phone_Area_Code,Home_Phone,Mobile_Country_Code,Mobile_Area_Code,Mobile,Employer_Name,Professional_Title,Profession,Employer_Address_Line1,Employer_Address_Line2,Employer_City,Employer_Location,Employer_State_Abbrev,Employer_Postal_Code,Employer_Country,Employer_Website,Employer_Phone_Country_Code,Employer_Phone_Area_Code,Employer_Phone,Employer_Fax_Country_Code,Employer_Fax_Area_Code,Employer_Fax,Resume_Exists,Resume_Headline,Social_Organizations,Education_and_Experience,More_Personal_Info,Search_Identifier,Internal_Comments,Home_Address_Validated,Employer_Address_Validated,Date_Last_Renewed,Date_Effective_Membership_Expires,Import_Batch_ID,Career_Openings_Allowed,Members_Pages_Allowed,Additional_Seats_Allowed,intNameFormatNormal,YMCareers_Date_Last_Login,YMCareers_Date_Last_Job_Search,YMCareers_Date_Last_Job_Application,Number_of_Employees,Area_of_Expertise,Membership_Division,Age_Range,District_Size,ACTE_Number,County_-_Area,Liability_insurance,Years,ACTE_Expiration,Member_Area,Instructional_area
000001,,ccda56a2-1eac-282d-9107-c4d7a9c46be2,,2017-07-13 23:50:00,Yes,2017-07-13 23:50:21,,Yes,2018-07-08 17:18:31,2018-05-31 00:00:00,Active Instructional,No,,No,,No,,user_00001,[REDACTED],Teacher,,,,First00001,,Last00001,,,,,,,,,user00001@example.invalid,,No,,,,,,,,,United States,,,,,,,,[ORG_00001],Marketing Teacher,,,,,,,,United States,,,,,,,,No,,,,,srch_00001,,False,False,,2018-05-31 00:00:00,,0,10,0,338,,,,,Teacher ,Marketing Council,Under 40,"Up to 5,000 students",,Tarrant - 2,,,,2,
000002,,fddba6fc-7c52-2f80-ba14-6a28e6a38363,,,No,,,No,2020-08-13 16:28:16,,,No,,No,,No,,,,,,,,First00002,,Last00002,,,,,,,,,user00002@example.invalid,,No,,,,,,,,,,,,,5550001,,,,[ORG_00002],Teacher,,,,,,,,,,,,,,,,No,,,,,srch_00001,,False,False,,,,0,10,0,,,,,,,,,,,,,,,,
000003,,4bee4d0f-5ca4-6f30-48b1-e433aef4dd12,,,No,,,No,2023-03-27 10:13:51,,,No,,No,,No,,,,,,,,First00003,,Last00003,,,,,,,,,user00003@example.invalid,,No,,,,,,,,,,,,,5550002,,,,[ORG_00003],teacher,,,,,,,,,,,,,,,,No,,,,,srch_00001,,False,False,,,,0,10,0,,,,,,,,,,,,,,,,
000004,,0a3c5408-b612-d748-6f0a-a2c0980e2238,,2025-01-27 09:59:25,Yes,2025-02-05 17:07:58,2025-10-30 12:09:22,Yes,2025-10-30 12:37:23,2026-02-05 00:00:00,Administrator,No,,Yes,2025-10-30 12:13:50,Yes,2025-10-30 12:13:50,user_00002,[REDACTED],Active,,,,First00004,,Last00004,,,Ms,,,,,,user00004@example.invalid,alt00001@example.invalid,No,,,[ADDR1_00001],,HOUSTON,Texas,TX,770XX,United States,,,,,,832,5550003,[ORG_00004],Program Manger,,[EADDR1_00001],,HOUSTON,Texas,TX,770XX,United States,,,832,5550003,,281,5550004,No,,,,,srch_00001,,False,False,2025-02-05 17:07:52,2026-02-05 00:00:00,,0,0,0,338,,,,,Administration,Administration,Under 40,"Up to 10,000 students",,Harris - 6,No,,,6,
000005,,6d73985e-e2e4-bc8e-54f6-e0cf00a78e91,,,No,,,No,2016-05-25 15:54:28,,,No,,No,,No,,,,,,,,First00005,,Last00005,,,,,,,,,user00005@example.invalid,,No,,,,,,,,,,,,,5550005,,,,[ORG_00005],Teacher,,,,,,,,,,,,,,,,No,,,,,srch_00001,,False,False,,,,0,10,0,,,,,,,,,,,,,,,,
000006,,81b247e9-d9ff-9e30-4428-af8bcb147bf9,,2023-11-16 09:07:44,Yes,2023-12-07 12:44:55,,Yes,2023-12-07 12:44:50,2024-12-07 00:00:00,Teacher,No,,No,,No,,user_00003,[REDACTED],Teacher,,,,First00006,,Last00006,Nick00001,,Mrs.,,,,,,user00006@example.invalid,alt00002@example.invalid,No,,,[ADDR1_00002],,Palestine,Texas,TX,758XX,United States,,,,,,903,5550006,[ORG_00006],FCS Teacher,,[EADDR1_00002],,Neches,Texas,TX,757XX,United States,,,903,5550006,,,,No,,,,,srch_00001,,False,False,2023-12-07 12:44:50,2024-12-07 00:00:00,,0,0,0,338,,,,,Teacher ,Teacher,Under 50,Up to 500 students,,Anderson - 3,Yes,,,3,Hospitality and Tourism
000007,,ad51976f-bcbb-a7f8-4111-01871797ef66,,2018-01-12 11:37:55,No,,,Yes,2018-01-12 11:37:55,,,No,,No,,No,,user_00004,[REDACTED],Edu. Institution,,,,First00007,,Last00007,,,Mr.,,,,,,user00007@example.invalid,,No,,,[ADDR1_00003],,Von Ormy,Texas,TX,780XX,United States,,,,,,210,5550007,[ORG_00007],STEM/CTE Coordinator,Education,[EADDR1_00003],,San Antonio,Texas,TX,782XX,United States,,,210,5550008,,210,5550009,No,,,,,srch_00001,,False,False,,,,0,10,0,466,,,,,Administration,Administration,Under 40,"Up to 10,000 students",,Bexar - 7,,1,,7,
000008,,4b229e87-4a54-d05b-fd82-0f2c86b15ce5,,,No,,,No,2020-07-15 20:18:11,,,No,,No,,No,,,,,,,,First00008,,Last00008,,,,,,,,,user00008@example.invalid,,No,,,,,,,,,,,,,5550010,,,,[ORG_00008],Marketing / Business Teacher,,,,,,,,,,,,,,,,No,,,,,srch_00001,,False,False,,,,0,10,0,,,,,,,,,,,,,,,,
000009,,b19447cb-1db3-bdb3-428f-77e39e9359c9,,,No,,,No,2021-05-26 13:17:34,,,No,,No,,No,,,,,,,,First00009,,Last00009,,,,,,,,,user00009@example.invalid,,No,,,,,,,,,,,,,5550011,,,,[ORG_00009],CTE Teacher,,,,,,,,,,,,,,,,No,,,,,srch_00001,,False,False,,,,0,10,0,,,,,,,,,,,,,,,,
000010,,28f4c7c9-fc85-1c60-8f59-2330c59c1272,,,No,,,No,2024-09-17 16:29:43,,,No,,No,,No,,,,,,,,First00010,,Last00010,,,,,,,,,user00010@example.invalid,,No,,,,,,,,,,,,,5550012,,,,[ORG_00010],Health Science/Dental Assistant Instructor,,,,,,,,,,,,,,,,No,,,,,srch_00001,,False,False,,,,0,10,0,,,,,,,,,,,,,,,,
000011,,7fd9bed9-40c6-62a2-77c6-e7aea9e9d001,,2023-07-07 15:32:00,Yes,2023-07-07 15:53:00,2024-04-03 10:18:00,No,2025-07-07 00:05:52,2026-07-07 00:00:00,Administrator,No,,Yes,2024-01-22 13:10:16,Yes,2024-01-22 13:10:16,user_00005,[REDACTED],Active,,,,First00011,,Last00011,Nick00002,,Mrs.,,,,,,user00011@example.invalid,alt00003@example.invalid,No,,,[ADDR1_00004],,Pflugerville,Texas,TX,786XX,United States,,,,,,512,5550013,[ORG_00011],Career Education Coordinator,,[EADDR1_00004],,Austin,Texas,TX,787XX,United States,https://example.invalid/e00001,,512,5550014,,512,5550015,No,,,,,srch_00001,,False,False,2025-07-07 00:05:52,2026-07-07 00:00:00,,0,0,0,338,,,,,Administration,Administration,Under 50,Up to 500 students,,Travis - 4,No,,,4,
000012,,fec70243-abba-b7fc-c70d-b1b5f99a174d,,,No,,,No,2019-10-18 14:04:05,,,No,,No,,No,,,,,,,,First00012,,Last00012,,,,,,,,,user00012@example.invalid,,No,,,,,,,,,,,,,5550016,,,,[ORG_00012],STEM Consultant,,,,,,,,,,,,,,,,No,,,,,srch_00001,,False,False,,,,0,10,0,,,,,,,,,,,,,,,,
000013,,d1ba214e-074c-1ee8-a9d7-b6b633b14932,,,No,,,No,2024-01-09 17:14:48,,,No,,No,,No,,,,,,,,First00013,,Last00013,,,,,,,,,user00013@example.invalid,,No,,,,,,,,,,,,,5550017,,,,[ORG_00013],High School Principal,,,,,,,,,,,,,,,,No,,,,,srch_00001,,False,False,,,,0,10,0,,,,,,,,,,,,,,,,
000014,,ac291039-de35-66c5-62f4-540e429bb204,,,No,,,No,2023-05-15 10:37:15,,,No,,No,,No,,,,,,,,First00014,,Last00014,,,,,,,,,user00014@example.invalid,,No,,,,,,,,,,,,,5550018,,,,[ORG_00014],Business and Technology Instructor,,,,,,,,,,,,,,,,No,,,,,srch_00001,,False,False,,,,0,10,0,,,,,,,,,,,,,,,,
000015,,590ae590-0d29-ca4a-0ab3-7e53a4af5377,,2018-11-08 16:53:23,No,,,Yes,2018-11-08 16:53:23,,,No,,No,,No,,user_00006,[REDACTED],Teacher,,,,First00015,,Last00015,Nick00003,,,,,,,,user00015@example.invalid,alt00004@example.invalid,No,,,[ADDR1_00005],,Buna,Texas,TX,776XX,United States,,,,,,409,5550019,[ORG_00015],IT Manager / CTE Teacher,,[EADDR1_00005],,Beaumont,Texas,TX,777XX,United States,,,409,5550020,,,,No,,,,,srch_00001,,False,False,,,,0,10,0,338,,,,,Teacher ,,Under 50,"Up to 5,000 students",,Jefferson - 10,Yes,,,10,STEM
000016,,59bde7e9-f766-0d9f-09d8-757c782b03f1,,2024-11-13 00:00:00,Yes,2024-11-13 13:43:00,,No,2024-11-13 13:44:42,2025-11-15 00:00:00,Campus Coach,No,,Yes,2024-08-08 11:54:02,Yes,2024-08-08 11:54:02,user_00007,[REDACTED],Campus Coach,,,,First00016,,Last00016,,,,,,,,,user00016@example.invalid,,No,,,,,,,,,,,,,5550021,,,,[ORG_00016],Ag Teacher,,,,,,,,,,,,,,,,No,,,,,srch_00001,,False,False,,2025-11-15 00:00:00,,0,10,0,466,,,,,Teacher ,Teacher,Under 40,"Up to 5,000 students",,Liberty - 6,,,,6,
000017,,930be4ae-927d-3397-536c-8cb83dc2d912,,,No,,,No,2016-05-19 12:54:27,,,No,,No,,No,,,,,,,,First00017,,Last00017,,,,,,,,,user00017@example.invalid,,No,,,,,,,,,,,,,5550022,,,,[ORG_00017],Teacher,,,,,,,,,,,,,,,,No,,,,,srch_00001,,False,False,,,,0,10,0,,,,,,,,,,,,,,,,
000018,,04376de4-4337-7800-81b6-f8ed756ea3c2,,,No,,,No,2020-07-16 16:24:37,,,No,,No,,No,,,,,,,,First00018,,Last00018,,,,,,,,,user00018@example.invalid,,No,,,,,,,,,,,,,5550023,,,,[ORG_00008],Teacher,,,,,,,,,,,,,,,,No,,,,,srch_00001,,False,False,,,,0,10,0,,,,,,,,,,,,,,,,
000019,,ee41ab8c-7cb3-fdfd-4dcd-b0c79aecf31f,,,No,,,No,2021-04-27 12:51:01,,,No,,No,,No,,,,,,,,First00019,,Last00019,,,,,,,,,user00019@example.invalid,,No,,,,,,,,,,,,,5550024,,,,[ORG_00018],Engineering Design Teacher,,,,,,,,,,,,,,,,No,,,,,srch_00001,,False,False,,,,0,10,0,,,,,,,,,,,,,,,,
000020,,01807175-83bd-33db-0224-b3c6cca4bbd2,,,No,,,No,2017-03-31 10:50:49,,,No,,No,,No,,,,,,,,First00020,,Last00020,,,,,,,,,user00020@example.invalid,,No,,,,,,,,,,,,,5550025,,,,[ORG_00019],CTE Counselor,,,,,,,,,,,,,,,,No,,,,,srch_00001,,False,False,,,,0,10,0,,,,,,,,,,,,,,,,
000021,,86dec390-4951-1aee-c570-a76523a1cc9b,,2024-12-04 14:50:28,No,,,Yes,2024-12-04 14:50:28,,,No,,No,,No,,user_00008,[REDACTED],Active,,,,First00021,M00001,Last00021,,,Mrs.,,,,,,user00021@example.invalid,alt00005@example.invalid,No,,,[ADDR1_00006],,Winnie,Texas,TX,776XX,United States,,,,,,409,5550026,[ORG_00020],CTE Director,,[EADDR1_00006],,Winnie,Texas,TX,776XX,United States,,,409,5550027,,409,5550027,No,,,,,srch_00001,,False,False,,,,0,10,0,338,,,,,Teacher ,Administration,Under 40,"Up to 5,000 students",,Chambers - 6,No,,,6,
000022,,d41ec26b-c6b6-560c-aea7-ede2b07a8693,,,No,,,No,2022-01-27 16:33:16,,,No,,No,,No,,,,,,,,First00022,,Last00022,,,,,,,,,user00022@example.invalid,,No,,,,,,,,,,,,,5550028,,,,[ORG_00021],Teacher,,,,,,,,,,,,,,,,No,,,,,srch_00001,,False,False,,,,0,10,0,,,,,,,,,,,,,,,,
000023,,526f7f6d-d265-fd37-d4c0-c6326f23b0ad,,,No,,,No,2020-08-27 18:21:18,,,No,,No,,No,,,,,,,,First00023,,Last00023,,,,,,,,,user00023@example.invalid,,No,,,,,,,,,,,,,5550029,,,,[ORG_00022],Fire Science Teacher,,,,,,,,,,,,,,,,No,,,,,srch_00001,,False,False,,,,0,10,0,,,,,,,,,,,,,,,,
000024,,03471801-7bd4-2eb3-e47d-7ee528c0f2b6,,,No,,,No,2016-11-10 13:48:30,,,No,,No,,No,,,,,,,,First00024,,Last00024,,,,,,,,,user00024@example.invalid,,No,,,,,,,,,,,,,5550030,,,,[ORG_00023],Academic Guidance Counselor ,,,,,,,,,,,,,,,,No,,,,,srch_00001,,False,False,,,,0,10,0,,,,,,,,,,,,,,,,
000025,,e4f0f277-5f18-bc8b-b6af-fae4ee2562d5,,,No,,,No,2025-06-02 12:36:20,,,No,,No,,No,,,,,,,,First00025,,Last00025,,,,,,,,,user00025@example.invalid,,No,,,,,,,,,,,,,5550031,,,,[ORG_00024],Accounting Teacher,,,,,,,,,,,,,,,,No,,,,,srch_00001,,False,False,,,,0,10,0,,,,,,,,,,,,,,,,
000026,,5e7edcdf-5bba-b404-0961-ebb44d0fcee8,,,No,,,No,2016-06-21 13:32:56,,,No,,No,,No,,,,,,,,First00026,,Last00026,,,,,,,,,user00026@example.invalid,,No,,,,,,,,,,,,,5550032,,,,[ORG_00025],Health Science Teacher,,,,,,,,,,,,,,,,No,,,,,srch_00001,,False,False,,,,0,10,0,,,,,,,,,,,,,,,,
000027,,47ee2349-a204-eae5-d56e-23fc0103fc63,,,No,,,No,2018-12-03 16:48:44,,,No,,No,,No,,,,,,,,First00027,,Last00027,,,,,,,,,user00027@example.invalid,,No,,,,,,,,,,,,,5550033,,,,[ORG_00026],CTE Engineering Teacher,,,,,,,,,,,,,,,,No,,,,,srch_00001,,False,False,,,,0,10,0,,,,,,,,,,,,,,,,
000028,,d5116c24-32ec-01ef-2b97-d07ad3b20352,,2015-12-17 00:00:00,Yes,2016-03-31 12:06:38,,Yes,2021-12-15 13:56:44,2016-12-16 00:00:00,Associate,No,,No,,No,,user_00009,[REDACTED],Associate,,,,First00028,,Last00028,,,,,,,,,user00028@example.invalid,alt00006@example.invalid,No,,,[ADDR1_00007],,McAllen,TX,,785XX,,,,,,,,5550034,[ORG_00027],Teacher,,[EADDR1_00007],,Pharr,TX,,785XX,,,,,5550035,,,,No,,,,,srch_00001,,False,False,2015-12-17 00:00:00,2016-12-16 00:00:00,153458,0,10,0,466,,,,,,Guidance,Under 50,"Up to 50,000",,9,,0,1969-12-31 00:00:00,9,
000029,,9d2b54cc-88dd-5eca-5a06-1e5ce22f3821,,,No,,,No,2018-11-08 14:51:49,,,No,,No,,No,,,,,,,,First00029,,Last00029,,,,,,,,,user00029@example.invalid,,No,,,,,,,,,,,,,5550036,,,,[ORG_00028],CTE Teacher,,,,,,,,,,,,,,,,No,,,,,srch_00001,,False,False,,,,0,10,0,,,,,,,,,,,,,,,,
000030,,2768b9e0-12e3-b17f-fb9e-4c76a199db5c,,,No,,,No,2023-04-03 13:53:42,,,No,,No,,No,,,,,,,,First00030,,Last00030,,,,,,,,,user00030@example.invalid,,No,,,,,,,,,,,,,5550037,,,,[ORG_00029],Teacher,,,,,,,,,,,,,,,,No,,,,,srch_00001,,False,False,,,,0,10,0,,,,,,,,,,,,,,,,
000031,,56c5a89d-a330-7553-2076-ffeb9bd5675c,,2025-06-19 14:24:00,Yes,2025-07-06 16:42:00,2026-02-14 08:50:32,No,2025-07-07 12:25:26,2026-07-06 00:00:00,Teacher,No,,Yes,2025-07-07 12:32:42,Yes,2025-07-07 12:32:43,user_00010,[REDACTED],Teacher,,,,First00031,,Last00031,,,Ms.,,,,,,user00031@example.invalid,,No,,,[ADDR1_00008],,Liberty Hill,Texas,TX,786XX,United States,,,,,,512,5550038,[ORG_00030],Asst Professor of Instruction,,[EADDR1_00008],,Round Rock,Texas,TX,786XX,United States,,,512,5550039,,,,No,,,,[REDACTED_FREETEXT],srch_00001,,False,False,2025-07-06 16:42:00,2026-07-06 00:00:00,,0,0,0,338,,,,,Teacher ,Teacher,Under 60,Not Applicable,,Williamson - 4,No,,,4,Education and Training|STEM|Career Development
000032,,d9c288eb-ca8b-8ae5-17da-68fa0589d77e,,2024-10-05 12:21:51,No,,,Yes,2024-10-05 12:21:51,,,No,,No,,No,,user_00011,[REDACTED],Teacher,,,,First00012,,Last00032,,,,,,,,,user00032@example.invalid,,No,,,[ADDR1_00009],,TEMPLE,Texas,TX,765XX,United States,,,,,,512,5550040,[ORG_00031],Engineering Teacher,,[EADDR1_00009],,TEMPLE,Texas,TX,765XX,United States,,,254,5550041,,,,No,,,,,srch_00001,,False,False,,,,0,10,0,338,,,,,Teacher ,Teacher,Under 40,"Up to 35,000 students",,Bell - 4,Yes,,,4,STEM
000033,,2dce5886-0188-2cc1-f72c-238167300880,,2018-03-15 16:33:29,Yes,2018-03-15 16:33:29,,Yes,2018-03-15 16:33:29,,,No,,No,,No,,user_00012,[REDACTED],Active,,,,First00032,,Last00033,,,,,,,,,user00033@example.invalid,alt00007@example.invalid,No,,,[ADDR1_00010],,El Lago,Texas,TX,775XX,United States,,,832,5550042,,,,[ORG_00032],Director of Curriculum & Instruction,,[EADDR1_00010],,El Lago,Texas,TX,775XX,United States,,,832,5550042,,,,No,,,,,srch_00001,,False,False,,,,0,10,0,338,,,,,Administration,Administration,Under 50,"Up to 5,000 students",,Harris - 6,,,,6,
000034,,b9addb61-d059-6b1d-563e-d5f46ff124ec,,2024-03-20 15:13:00,Yes,2024-04-17 12:41:00,2026-07-13 11:15:10,No,2026-04-30 18:03:00,2027-04-30 00:00:00,Administrator,No,,Yes,2026-04-30 18:03:20,Yes,2026-04-30 18:03:20,user_00013,[REDACTED],Active,,,,First00033,,Last00034,,,Mrs.,,,,,,user00034@example.invalid,alt00008@example.invalid,No,,,[ADDR1_00011],,Bullard,Texas,TX,757XX,United States,,,,,,903,5550043,[ORG_00033],Counselor,,[EADDR1_00011],[EADDR2_00001],Frankston,Texas,TX,757XX,United States,,,903,5550044,,903,5550045,No,,,,,srch_00001,,False,False,2026-04-30 18:03:00,2027-04-30 00:00:00,,0,0,0,338,,,,,Guidance,Administration,Under 50,Up to 500 students,,Henderson - 3,Yes,,,3,
000035,,2e087f60-ae8f-e692-20dd-808b43a5cbcd,,2022-05-01 18:41:00,Yes,2022-06-01 20:17:00,2026-06-02 13:49:10,No,2026-05-06 15:21:31,2027-06-01 00:00:00,Teacher,No,,Yes,2026-02-13 08:47:15,Yes,2026-02-13 08:47:15,user_00014,[REDACTED],Teacher,,,,First00034,,Last00035,,,Mrs,,,,,,user00035@example.invalid,,No,,,[ADDR1_00012],,Austin,Texas,TX,787XX,United States,,,,,,512,5550046,[ORG_00034],CTE Teacher,,[EADDR1_00012],,Austin,Texas,TX,787XX,United States,,,512,5550047,,,,No,,,,,srch_00001,,False,False,2026-05-06 15:21:31,2027-06-01 00:00:00,,0,0,0,338,,,,,Teacher ,Teacher,Under 60,"Up to 10,000 students",,Travis - 4,No,,,4,"Law, Public Safety and Security"
000036,,d1ec3f3c-ee53-2276-a08c-7ea21774e793,,,No,,,No,2024-05-13 09:56:50,,,No,,No,,No,,,,,,,,First00035,,Last00036,,,,,,,,,user00036@example.invalid,,No,,,,,,,,,,,,,5550048,,,,[ORG_00035],Director of Advanced Academics & GT,,,,,,,,,,,,,,,,No,,,,,srch_00001,,False,False,,,,0,10,0,,,,,,,,,,,,,,,,
000037,,a0ea77ef-d20d-d7f5-9222-1182baa4742a,,,No,,,No,2016-05-10 13:50:26,,,No,,No,,No,,,,,,,,First00036,,Last00037,,,,,,,,,user00037@example.invalid,,No,,,,,,,,,,,,,5550049,,,,[ORG_00036],RRT/Health Science Instructor,,,,,,,,,,,,,,,,No,,,,,srch_00001,,False,False,,,,0,10,0,,,,,,,,,,,,,,,,
000038,,054d7730-b469-2829-5ea7-5a4962dc56d1,,,No,,,No,2025-11-21 14:03:23,,,No,,No,,No,,,,,,,,First00012,,Last00038,,,,,,,,,user00038@example.invalid,,No,,,,,,,,,,,,,5550050,,,,[ORG_00037],Assistant Principal,,,,,,,,,,,,,,,,No,,,,,srch_00001,,False,False,,,,0,10,0,,,,,,,,,,,,,,,,
000039,,b6247713-61cb-ef3a-7c0e-85be455f6052,,2021-09-22 10:55:25,No,,,Yes,2021-09-22 10:55:25,,,No,,No,,No,,user_00015,[REDACTED],Active,,,,First00037,,Last00039,,,,,,,,,user00039@example.invalid,alt00009@example.invalid,No,,,[ADDR1_00013],,Mount Pleasant,Texas,TX,754XX,United States,,,,,,903,5550051,[ORG_00038],JH/ECHS Principal,,[EADDR1_00013],,Mt. Pleasant,Texas,TX,754XX,United States,,,903,5550051,,903,5550052,No,,,,,srch_00001,,False,False,,,,0,10,0,338,,,,,Administration,Administration,Under 50,Up to 500 students,,Titus - 3,,,,3,
000040,,1bd49ef4-5973-cee2-c21d-075ae485ace0,,,No,,,No,2024-09-09 13:03:08,,,No,,No,,No,,,,,,,,First00038,,Last00040,,,,,,,,,user00040@example.invalid,,No,,,,,,,,,,,,,5550053,,,,[ORG_00039],CTE Teacher,,,,,,,,,,,,,,,,No,,,,,srch_00001,,False,False,,,,0,10,0,,,,,,,,,,,,,,,,
000041,,e14d5ad9-3c31-4495-6a5f-a7adfc41bc34,,2019-04-03 08:49:54,No,,,Yes,2019-04-03 08:49:54,,,No,,No,,Yes,2020-05-20 13:52:03,user_00016,[REDACTED],Associate,,,,First00039,,Last00041,Nick00004,Smith,Mr,1974-01-01,,,,,user00041@example.invalid,,No,,,[ADDR1_00014],[ADDR2_00001],midlothian,Texas,TX,760XX,United States,,,,,,469,5550054,[ORG_00040],Officer,Education,[EADDR1_00014],,Ferris,Texas,TX,751XX,United States,,,972,5550055,,972,5550056,No,,,,,srch_00001,,False,False,,,,0,10,0,466,,,,,Not applicable,Teacher,Under 50,"Up to 5,000 students",,Ellis	 - 2,,3,,12,"Law, Public Safety and Security"
000042,,a7e8e926-eba7-8746-e098-611728325595,,,No,,,No,2018-11-28 17:05:00,,,No,,No,,No,,,,,,,,First00040,,Last00042,,,,,,,,,user00042@example.invalid,,No,,,,,,,,,,,,,5550057,,,,[ORG_00041],Assistant Principal,,,,,,,,,,,,,,,,No,,,,,srch_00001,,False,False,,,,0,10,0,,,,,,,,,,,,,,,,
000043,,24522a56-5b20-73da-3178-f5afa10e6909,,,No,,,No,2021-04-27 13:36:06,,,No,,No,,No,,,,,,,,First00041,,Last00043,,,,,,,,,user00043@example.invalid,,No,,,,,,,,,,,,,5550058,,,,[ORG_00042],CTE and Post-Secondary Advisor/Counselor,,,,,,,,,,,,,,,,No,,,,,srch_00001,,False,False,,,,0,10,0,,,,,,,,,,,,,,,,
000044,,efb3e875-004a-89d2-baa7-48079caf67a0,,2019-07-15 12:04:53,No,,,Yes,2019-07-15 12:04:53,,,No,,No,,No,,user_00017,[REDACTED],Active,,,,First00042,,Last00044,,,Mr,,,,,,user00044@example.invalid,,No,,,[ADDR1_00015],,Desoto,Texas,TX,751XX,United States,,,,,,972,5550059,[ORG_00043],Marketing Coordinator,,[EADDR1_00015],,Dallas,Texas,TX,751XX,United States,,,972,5550060,,972,5550061,No,,,,,srch_00001,,False,False,,,,0,10,0,338,,,,,Business/Industry,Administration,Under 50,"Up to 50,000 students",,Dallas - 2,Yes,,,2,
000045,,ce3874fa-0d68-b23c-db56-d3f6003cf9b3,,2025-10-29 00:00:00,Yes,2025-12-04 16:30:56,,No,2025-12-04 16:30:56,2026-11-13 00:00:00,Administrator,No,,No,,No,,user_00018,[REDACTED],Active,,,,First00008,M00002,Last00045,Nick00005,,Mr.,,,,,,user00045@example.invalid,alt00010@example.invalid,No,,,[ADDR1_00016],,Quitman,Texas,TX,757XX,United States,,,,,,903,5550062,[ORG_00044],Principal,,[EADDR1_00016],,Quitman,Texas,TX,757XX,United States,,,903,5550063,,903,5550064,No,,,,,srch_00001,,False,False,2025-11-14 16:43:00,2026-11-13 00:00:00,,0,0,0,338,,,,,Administration,Administration,Under 60,Up to 500 students,,Wood - 3,No,,,3,
000046,,be14a7a0-b683-ca0b-875a-4a82fcc6b696,,,No,,,No,2023-04-20 12:33:19,,,No,,No,,No,,,,,,,,First00043,,Last00046,,,,,,,,,user00046@example.invalid,,No,,,,,,,,,,,,,5550065,,,,[ORG_00045],Health Science Instructor,,,,,,,,,,,,,,,,No,,,,,srch_00001,,False,False,,,,0,10,0,,,,,,,,,,,,,,,,
000047,,e21534bf-93ab-7cc5-a962-f3111f9ac94f,,2016-10-27 12:01:00,Yes,2016-10-27 12:01:48,,Yes,2016-10-27 12:04:39,2017-10-27 00:00:00,Active,No,,No,,No,,user_00019,[REDACTED],Active,,,Female,First00004,,Last00047,,,,,,,,,user00047@example.invalid,,No,,,[ADDR1_00017],,Tomball,Texas,TX,773XX,United States,,,281,5550066,,281,5550067,[ORG_00046],Health Science,,[EADDR1_00017],,Tomball,Texas,TX,773XX,United States,,,281,5550066,,,,No,,,,,srch_00001,,False,False,2016-10-27 12:04:00,2017-10-27 00:00:00,,0,0,0,338,,,,,Postsecondary,Administration,Under 40,"Up to 35,000 students",ACTE000001,Harris - 6,,,2017-08-31 00:00:00,6,
000048,,980a3959-dd8d-5f9b-6156-49bebb38a497,,2015-01-15 00:00:00,Yes,2016-03-31 12:06:00,2025-10-28 16:28:56,Yes,2025-02-17 14:44:08,2026-03-03 00:00:00,Administrator,No,,Yes,2025-01-06 16:00:06,Yes,2025-01-06 16:00:06,user_00020,[REDACTED],Active,,,,First00021,,Last00048,,,Mrs,,,,,,user00048@example.invalid,alt00011@example.invalid,No,,,[ADDR1_00018],[ADDR2_00002],Denton ISD,Texas,TX,762XX,United States,,,,,,940,5550068,[ORG_00047],CTE Director,,[EADDR1_00018],[EADDR2_00002],Denton ISD,Texas,TX,762XX,United States,,,940,5550068,,940,5550069,No,,,,,srch_00001,,False,False,2025-02-17 14:44:08,2026-03-03 00:00:00,153458,0,0,0,338,,,,,Administration,Administration,Under 60,"Up to 35,000 students",ACTE000002,Denton - 2,Yes,1,2015-01-31 00:00:00,2,
000049,,c3d76b4d-aefe-8088-d64b-04c911ca09c4,,,No,,,No,2017-03-28 08:42:13,,,No,,No,,No,,,,,,,,First00044,,Last00049,,,,,,,,,user00049@example.invalid,,No,,,,,,,,,,,,,5550070,,,,[ORG_00048],CTE Coordinator,,,,,,,,,,,,,,,,No,,,,,srch_00001,,False,False,,,,0,10,0,,,,,,,,,,,,,,,,
000050,,ecb1c3ec-b481-e61d-44a8-477e7d36f153,,,No,,,No,2022-04-01 17:21:02,,,No,,No,,No,,,,,,,,First00045,,Last00050,,,,,,,,,user00050@example.invalid,,No,,,,,,,,,,,,,5550071,,,,[ORG_00049],Counselor,,,,,,,,,,,,,,,,No,,,,,srch_00001,,False,False,,,,0,10,0,,,,,,,,,,,,,,,,
000051,,af249ec7-6808-c48e-bef7-6bc27f389eef,,,No,,,No,2019-04-11 15:41:37,,,No,,No,,No,,,,,,,,First00046,,Last00051,,,,,,,,,user00051@example.invalid,,No,,,,,,,,,,,,,5550072,,,,[ORG_00050],Family and Consumer Science Teacher,,,,,,,,,,,,,,,,No,,,,,srch_00001,,False,False,,,,0,10,0,,,,,,,,,,,,,,,,
000052,,b446e6d9-5304-4ff9-4f78-4b022ddec635,,2024-03-26 00:00:00,Yes,2024-03-27 13:20:00,2025-04-30 11:33:09,Yes,2025-03-26 11:00:30,2026-03-26 00:00:00,Administrator,No,,Yes,2024-03-28 21:09:22,Yes,2024-03-28 21:09:22,user_00021,[REDACTED],Active,,,,First00047,M00003,Last00052,,,,,,,,,user00052@example.invalid,alt00012@example.invalid,Yes,,,[ADDR1_00019],,Brownwood,Texas,TX,768XX,United States,,,,,,325,5550073,[ORG_00051],CTE Director,,[EADDR1_00019],,May,Texas,TX,768XX,United States,,,325,5550073,,254,5550074,No,,,,,srch_00001,,False,False,2025-03-26 11:00:30,2026-03-26 00:00:00,,0,0,0,338,,,,,Teacher ,Administration,Under 40,Up to 500 students,,Brown - 12,No,,,12,
000053,,9838aec5-9ceb-8078-2fd8-be643798a60a,,,No,,,No,2021-04-06 13:35:48,,,No,,No,,No,,,,,,,,First00048,,Last00053,,,,,,,,,user00053@example.invalid,,No,,,,,,,,,,,,,5550075,,,,[ORG_00052],Academic Associate Principal,,,,,,,,,,,,,,,,No,,,,,srch_00001,,False,False,,,,0,10,0,,,,,,,,,,,,,,,,
000054,,9d7d9acd-0712-f1af-c1ff-bbe7e3f7a20a,,,No,,,No,2021-05-27 13:00:50,,,No,,No,,No,,,,,,,,First00049,,Last00054,,,,,,,,,user00054@example.invalid,,No,,,,,,,,,,,,,5550076,,,,[ORG_00053],Teacher/ Coach ,,,,,,,,,,,,,,,,No,,,,,srch_00001,,False,False,,,,0,10,0,,,,,,,,,,,,,,,,
000055,,75d430c2-cd77-36a1-74cb-3b7ab9184b6e,,2025-05-08 14:17:00,Yes,2025-05-20 12:07:00,2026-05-29 10:17:37,No,2026-06-01 15:09:34,2027-06-01 00:00:00,Administrator,No,,Yes,2025-05-23 10:58:52,Yes,2025-05-23 10:58:53,user_00022,[REDACTED],Active,,,,First00050,,Last00055,,,,,,,,,user00055@example.invalid,alt00013@example.invalid,No,,,[ADDR1_00020],,Pasadena,Texas,TX,775XX,United States,,,,,,832,5550077,[ORG_00054],CTE coordinator,,[EADDR1_00020],,Deer Park,Texas,TX,775XX,United States,,,832,5550078,,281,5550079,No,,,,,srch_00001,,False,False,2026-06-01 15:09:34,2027-06-01 00:00:00,,0,0,0,338,,,,,Administration,Administration,Under 50,"Up to 35,000 students",,Harris - 6,Yes,,,6,
000056,,63fb2cf6-e4f0-ec8e-23b0-a2279566e073,,,No,,,No,2024-06-18 16:09:40,,,No,,No,,No,,,,,,,,First00051,,Last00056,,,,,,,,,user00056@example.invalid,,No,,,,,,,,,,,,,5550080,,,,[ORG_00055],Legal Studies CTE Teacher ,,,,,,,,,,,,,,,,No,,,,,srch_00001,,False,False,,,,0,10,0,,,,,,,,,,,,,,,,
000057,,b1865341-98f7-ca8c-adea-506e7d7348b9,,,No,,,No,2016-11-29 13:12:21,,,No,,No,,No,,,,,,,,First00052,,Last00057,,,,,,,,,user00057@example.invalid,,No,,,,,,,,,,,,,5550081,,,,[ORG_00056],Assistant Principal,,,,,,,,,,,,,,,,No,,,,,srch_00001,,False,False,,,,0,10,0,,,,,,,,,,,,,,,,
000058,,b8a54e9c-873f-8a9e-8b19-c2317ed592d7,,,No,,,No,2017-03-27 09:14:07,,,No,,No,,No,,,,,,,,First00053,,Last00058,,,,,,,,,user00058@example.invalid,,No,,,,,,,,,,,,,5550082,,,,[ORG_00057],Teacher,,,,,,,,,,,,,,,,No,,,,,srch_00001,,False,False,,,,0,10,0,,,,,,,,,,,,,,,,
000059,,166f3fc4-e2a9-744d-c037-0c152517c171,,,No,,,No,2016-05-04 16:12:27,,,No,,No,,No,,,,,,,,First00054,,Last00059,,,,,,,,,user00059@example.invalid,,No,,,,,,,,,,,,,5550083,,,,[ORG_00058],Business Teacher,,,,,,,,,,,,,,,,No,,,,,srch_00001,,False,False,,,,0,10,0,,,,,,,,,,,,,,,,
000060,,81f62f4a-cfab-f841-ab80-9b12dd713aea,,,No,,,No,2016-06-07 11:45:16,,,No,,No,,No,,,,,,,,First00055,,Last00060,,,,,,,,,user00060@example.invalid,,No,,,,,,,,,,,,,5550084,,,,[ORG_00059],Teacher,,,,,,,,,,,,,,,,No,,,,,srch_00001,,False,False,,,,0,10,0,,,,,,,,,,,,,,,,
000061,,873fbb7f-8c80-d84f-edca-cded1f30ce31,,,No,,,No,2025-06-11 10:27:15,,,No,,No,,No,,,,,,,,First00056,,Last00061,,,,,,,,,user00061@example.invalid,,No,,,,,,,,,,,,,5550085,,,,[ORG_00060],High School Principal ,,,,,,,,,,,,,,,,No,,,,,srch_00001,,False,False,,,,0,10,0,,,,,,,,,,,,,,,,
000062,,01f4873c-a991-d0c5-752c-c344ab7a723a,,,No,,,No,2018-12-03 17:34:13,,,No,,No,,No,,,,,,,,First00057,,Last00062,,,,,,,,,user00062@example.invalid,,No,,,,,,,,,,,,,5550086,,,,[ORG_00061],Principal,,,,,,,,,,,,,,,,No,,,,,srch_00001,,False,False,,,,0,10,0,,,,,,,,,,,,,,,,
000063,,5941c6f4-f821-79b5-4d84-71173f9381ff,,2022-05-17 20:56:24,No,,,Yes,2022-05-17 20:56:24,,,No,,Yes,2022-05-17 21:05:03,Yes,2022-05-17 21:05:03,user_00023,[REDACTED],Active,,,,First00058,,Last00063,,,,,,,,,user00063@example.invalid,alt00014@example.invalid,No,,,[ADDR1_00021],,Jacksonvillle,Texas,TX,757XX,United States,,,,,,903,5550087,[ORG_00062],Alto High School Principal,,[EADDR1_00021],,Alto,Texas,TX,759XX,United States,,,936,5550088,,936,5550088,No,,,,,srch_00001,,False,False,,,,0,10,0,338,,,,,Administration,Administration,Under 30,"Up to 5,000 students",,Cherokee - 3,No,,,7,
000064,,c5ee2de8-fdff-0a78-b983-911abde877f0,,,No,,,No,2022-04-12 13:16:59,,,No,,No,,No,,,,,,,,First00059,,Last00064,,,,,,,,,user00064@example.invalid,,No,,,,,,,,,,,,,5550089,,,,[ORG_00063],High School Counselor,,,,,,,,,,,,,,,,No,,,,,srch_00001,,False,False,,,,0,10,0,,,,,,,,,,,,,,,,
000065,,b216eeb8-86da-fc55-f5fe-fa84b3a53886,,,No,,,No,2023-04-25 16:29:12,,,No,,No,,No,,,,,,,,First00060,,Last00065,,,,,,,,,user00065@example.invalid,,No,,,,,,,,,,,,,5550090,,,,[ORG_00064],Teacher-Automotive ,,,,,,,,,,,,,,,,No,,,,,srch_00001,,False,False,,,,0,10,0,,,,,,,,,,,,,,,,
000066,,ada0870c-66e7-8ae3-85f3-5212c1dab9a7,,,No,,,No,2023-05-15 15:25:22,,,No,,No,,No,,,,,,,,First00061,,Last00066,,,,,,,,,user00066@example.invalid,,No,,,,,,,,,,,,,5550091,,,,[ORG_00065],CTE Coordinator,,,,,,,,,,,,,,,,No,,,,,srch_00001,,False,False,,,,0,10,0,,,,,,,,,,,,,,,,
000067,,58f16f7a-be15-9ce0-90d1-99ec980d00f7,,,No,,,No,2020-05-26 20:21:27,,,No,,No,,No,,,,,,,,First00062,,Last00067,,,,,,,,,user00067@example.invalid,,No,,,,,,,,,,,,,5550092,,,,[ORG_00066],Teacher,,,,,,,,,,,,,,,,No,,,,,srch_00001,,False,False,,,,0,10,0,,,,,,,,,,,,,,,,
000068,,68e5ad15-8eb0-0559-9cf6-1727faad53f6,,2025-12-02 14:18:17,Yes,2026-01-04 19:57:31,2026-04-22 10:26:10,No,2026-01-04 19:57:31,2027-01-04 00:00:00,Administrator,No,,Yes,2026-03-18 19:32:46,Yes,2026-03-18 19:32:00,user_00024,[REDACTED],Active,,,,First00063,,Last00068,,,Mrs.,,,,,,user00068@example.invalid,alt00015@example.invalid,No,,,[ADDR1_00022],,Paris,Texas,TX,754XX,United States,,,,,,817,5550093,[ORG_00067],Assistant Principal,,[EADDR1_00022],,Paris,Texas,TX,754XX,United States,,,903,5550094,,903,5550095,No,,,,,srch_00001,,False,False,2026-01-04 19:57:25,2027-01-04 00:00:00,,0,0,0,338,,,,,Administration,Administration,Under 40,"Up to 5,000 students",,Lamar - 3,No,,,3,
000069,,baca8c87-9acf-2f57-0435-b2987b7f8da8,,,No,,,No,2016-05-05 09:40:39,,,No,,No,,No,,,,,,,,First00064,,Last00069,,,,,,,,,user00069@example.invalid,,No,,,,,,,,,,,,,5550096,,,,[ORG_00068],Teacher,,,,,,,,,,,,,,,,No,,,,,srch_00001,,False,False,,,,0,10,0,,,,,,,,,,,,,,,,
000070,,9b16561a-3113-9bff-29aa-ab3837fa3352,,,No,,,No,2016-06-06 18:40:59,,,No,,No,,No,,,,,,,,First00009,,Last00070,,,,,,,,,user00070@example.invalid,,No,,,,,,,,,,,,,5550097,,,,[ORG_00069],PROGRAM DIRECTOR OF CAREER AND TECHNICAL EDUCATION,,,,,,,,,,,,,,,,No,,,,,srch_00001,,False,False,,,,0,10,0,,,,,,,,,,,,,,,,
000071,,37720ce6-c025-bc59-e08a-10bf6557606c,,2023-11-16 11:49:00,Yes,2024-04-25 10:27:00,2025-05-07 20:00:14,No,2025-07-01 11:28:34,2026-07-01 00:00:00,Administrator,No,,No,,No,,user_00025,[REDACTED],Active,,,,First00065,,Last00071,,,,,,,,,user00071@example.invalid,alt00016@example.invalid,No,,,[ADDR1_00023],,Terrell,Texas,TX,751XX,United States,,,,,,972,5550098,[ORG_00070],Executive Director,,[EADDR1_00023],,Terrell,Texas,TX,751XX,United States,,,972,5550098,,972,5550099,No,,,,,srch_00001,,False,False,2025-07-01 11:28:34,2026-07-01 00:00:00,,0,0,0,338,,,,,Administration,Administration,Under 60,"Up to 10,000 students",,Kaufman - 2,No,,,2,
000072,,09667116-f656-c6ff-95da-bfa200051d0c,,2022-10-12 00:00:00,Yes,2022-10-19 17:33:15,2023-06-21 13:35:17,Yes,2023-03-10 13:54:09,2023-10-19 00:00:00,Active Leadership,No,,Yes,2023-03-10 15:25:30,Yes,2023-03-10 15:25:00,user_00026,[REDACTED],Active,,,,First00066,,Last00072,,,,,,,,,user00072@example.invalid,alt00017@example.invalid,No,,,[ADDR1_00024],,Sweeny,Texas,TX,774XX,United States,,,,,,979,5550100,[ORG_00071],CTE Director,,[EADDR1_00024],[EADDR2_00003],Clute,Texas,TX,775XX,United States,,,979,5550101,,979,5550102,No,,,,,srch_00001,,False,False,2022-10-31 19:17:00,2023-10-19 00:00:00,,0,0,0,338,,,,,Administration,Administration,Under 50,"Up to 35,000 students",,Brazoria - 6,No,,,6,
000073,,f7b2e1e4-2ddd-2162-761c-f8aac971aab7,,,No,,,No,2017-05-16 16:49:10,,,No,,No,,No,,,,,,,,First00067,,Last00073,,,,,,,,,user00073@example.invalid,,No,,,,,,,,,,,,,5550103,,,,[ORG_00072],CATE Teacher,,,,,,,,,,,,,,,,No,,,,,srch_00001,,False,False,,,,0,10,0,,,,,,,,,,,,,,,,
000074,,0a73b7e0-74fc-cb7d-34dd-f3398db5322c,,2022-03-10 15:35:14,No,,,Yes,2022-03-10 15:35:14,,,No,,Yes,2022-03-10 15:51:39,Yes,2022-03-10 15:51:39,user_00027,[REDACTED],Teacher,,,,First00068,,Last00074,,,Mr.,,,,,,user00074@example.invalid,alt00018@example.invalid,No,,,[ADDR1_00025],,Luling,Texas,TX,786XX,United States,,,,,,830,5550104,[ORG_00073],Criminal Justice Teacher,,[EADDR1_00025],[EADDR2_00004],Luling,Texas,TX,786XX,United States,,,830,5550105,,,,No,,,,,srch_00001,,False,False,,,,0,10,0,338,,,,,Teacher ,,Under 30,"Up to 5,000 students",,Caldwell - 4,No,,,4,"Law, Public Safety and Security"
000075,,299b25c8-3681-8b11-744a-0ed2a57cefe5,,,No,,,No,2026-01-05 10:25:34,,,No,,No,,No,,,,,,,,First00031,,Last00075,,,,,,,,,user00075@example.invalid,,No,,,,,,,,,,,,,5550106,,,,[ORG_00074],CTE Business Teacher,,,,,,,,,,,,,,,,No,,,,,srch_00001,,False,False,,,,0,10,0,,,,,,,,,,,,,,,,
000076,,2e3d186d-cd96-4d0a-f053-3e8036b2859d,,2017-06-02 00:00:00,Yes,2017-06-08 14:13:00,2026-04-21 16:19:18,No,2025-05-15 00:11:31,2026-05-15 00:00:00,Administrator,No,,Yes,2026-04-21 16:20:54,Yes,2026-04-21 16:20:54,user_00028,[REDACTED],Teacher,,,,First00069,,Last00076,Nick00006,,Ms.,,,,,,user00076@example.invalid,alt00019@example.invalid,No,,,[ADDR1_00026],[ADDR2_00003],El Paso,Texas,TX,799XX,United States,,,,,,915,5550107,[ORG_00075],Director,,[EADDR1_00026],,El Paso,Texas,TX,799XX,United States,,,915,5550108,,915,5550109,No,,,,,srch_00001,,False,False,2025-05-15 00:11:31,2026-05-15 00:00:00,,0,0,0,338,,,,,Postsecondary,Administration,Under 40,"Up to 50,000 students",,El Paso - 11,,,,11,Business Management and Administration|Finance
000077,,2e0f7a81-7211-2113-b5e4-9277bb331939,,,No,,,No,2017-02-23 10:57:40,,,No,,No,,No,,,,,,,,First00070,,Last00077,,,,,,,,,user00077@example.invalid,,No,,,,,,,,,,,,,5550110,,,,[ORG_00076],Teacher,,,,,,,,,,,,,,,,No,,,,,srch_00001,,False,False,,,,0,10,0,,,,,,,,,,,,,,,,
000078,,03291abe-a2fb-12e4-024b-443542ceaa40,,,No,,,No,2025-07-20 18:29:43,,,No,,No,,No,,,,,,,,First00031,,Last00078,,,,,,,,,user00078@example.invalid,,No,,,,,,,,,,,,,5550111,,,,[ORG_00077],Special Populations Director,,,,,,,,,,,,,,,,No,,,,,srch_00001,,False,False,,,,0,10,0,,,,,,,,,,,,,,,,
000079,,02c83ac9-e321-1132-fa94-a102b73abeb0,,,No,,,No,2023-11-02 14:55:37,,,No,,No,,No,,,,,,,,First00071,,Last00079,,,,,,,,,user00079@example.invalid,,No,,,,,,,,,,,,,5550112,,,,[ORG_00078],Teacher,,,,,,,,,,,,,,,,No,,,,,srch_00001,,False,False,,,,0,10,0,,,,,,,,,,,,,,,,
000080,,a05b121a-2e10-32ba-4c03-22cb9e77171d,,2021-08-16 15:27:00,Yes,2021-08-16 15:37:00,2024-11-12 22:25:06,Yes,2024-11-12 21:50:53,2025-11-13 00:00:00,Teacher,No,,No,,No,,user_00029,[REDACTED],Teacher,,,,First00072,,Last00080,Nick00007,,Mrs.,,,,,,user00080@example.invalid,alt00020@example.invalid,No,,,[ADDR1_00027],,Buda,Texas,TX,786XX,United States,,,,,,512,5550113,[ORG_00079],Teacher,,[EADDR1_00027],,Buda,Texas,TX,786XX,United States,,,512,5550114,,,,No,,,,,srch_00001,,False,False,2024-11-12 21:50:53,2025-11-13 00:00:00,,0,0,0,338,,,,,Teacher ,Teacher,Under 60,"Up to 10,000 students",,Hays - 4,Yes,,,4,Human Services
000081,,fc480665-c03d-8343-0ddf-14d6b0ff1b16,,2024-10-01 11:11:47,No,,,Yes,2024-10-01 11:11:47,,,No,,No,,No,,user_00030,[REDACTED],Active,,,,First00073,,Last00081,,,,,,,,,user00081@example.invalid,alt00021@example.invalid,No,,,[ADDR1_00028],,Crowley,Texas,TX,760XX,United States,,,,,,817,5550115,[ORG_00080],CTE Coordinator,,[EADDR1_00028],,Crowley,Texas,TX,760XX,United States,,,817,5550116,,817,5550116,No,,,,,srch_00001,,False,False,,,,0,10,0,338,,,,,Administration,Administration,Under 40,"Up to 35,000 students",,Harrison	 - 3,,,,3,
000082,,6d6dc792-705d-c67b-50ca-60cfbb8b6ebd,,2018-09-25 15:04:00,Yes,2018-09-25 15:51:47,2022-10-08 17:57:00,Yes,2022-10-08 18:01:47,2023-10-08 00:00:00,Active Instructional,No,,Yes,2020-05-28 21:30:17,Yes,2020-05-28 21:30:18,user_00031,[REDACTED],Teacher,,,,First00074,,Last00082,Nick00008,,,,,,2001-01-01,,user00082@example.invalid,alt00022@example.invalid,Yes,,,[ADDR1_00029],,Taylor,Texas,TX,765XX,United States,,,,,,530,5550117,[ORG_00081],CTE Teacher,,[EADDR1_00029],,ROUND ROCK,Texas,TX,786XX,United States,,,512,5550118,,,,No,,,,,srch_00001,,False,True,2022-10-08 18:01:47,2023-10-08 00:00:00,,0,0,0,338,,,,,Teacher ,,Under 50,"Up to 50,000 students",,Williamson - 4,Yes,,,4,Business Management and Administration|Finance
000083,,5ec888aa-8f11-72e3-ceae-bab988fce511,,,No,,,No,2021-02-02 12:52:20,,,No,,No,,No,,,,,,,,First00075,,Last00083,,,,,,,,,user00083@example.invalid,,No,,,,,,,,,,,,,5550119,,,,[ORG_00082],Associate Superintendent,,,,,,,,,,,,,,,,No,,,,,srch_00001,,False,False,,,,0,10,0,,,,,,,,,,,,,,,,
000084,,4943faf5-05aa-b202-0175-1d95e346210b,,2018-09-08 10:04:00,Yes,2018-09-08 10:04:44,,Yes,2018-10-11 14:02:45,2019-09-08 00:00:00,Business & Industry,No,,No,,No,,user_00032,[REDACTED],Business&Industry,,,,First00076,,Last00084,,,Ms.,,,,,,user00084@example.invalid,,No,,,[ADDR1_00030],[ADDR2_00004],Houston,Texas,TX,770XX,United States,,,,,,281,5550120,[ORG_00083],Managing Partner,Consulting,[EADDR1_00030],[EADDR2_00005],Houston,Texas,TX,770XX,United States,https://example.invalid/e00002,,281,5550120,,866,5550121,No,,,,,srch_00001,,True,True,2018-09-08 10:07:00,2019-09-08 00:00:00,,0,10,0,466,,,,,,,60,,,Harris - 6,,11,,6,
000085,,516451b1-2a55-1d6e-cf7b-13c37468538e,,,No,,,No,2020-05-07 15:58:36,,,No,,No,,No,,,,,,,,First00077,,Last00085,,,,,,,,,user00085@example.invalid,,No,,,,,,,,,,,,,5550122,,,,[ORG_00084],Business Education,,,,,,,,,,,,,,,,No,,,,,srch_00001,,False,False,,,,0,10,0,,,,,,,,,,,,,,,,
000086,,024db644-2440-06b2-a635-f6b303b0d771,,2025-10-31 16:08:17,Yes,2026-01-16 17:11:34,,No,2026-01-16 17:11:34,2027-01-16 00:00:00,Administrator,No,,No,,No,,user_00033,[REDACTED],Active,,,,First00078,,Last00086,,,,,,,,,user00086@example.invalid,,No,,,[ADDR1_00031],,Columbus,Texas,TX,789XX,United States,,,,,,979,5550123,[ORG_00085],High School Counselor,,[EADDR1_00031],,Columbus,Texas,TX,789XX,United States,,,979,5550124,,979,5550124,No,,,,,srch_00001,,False,False,2026-01-16 17:11:28,2027-01-16 00:00:00,,0,0,0,338,,,,,Guidance,Administration,Under 40,"Up to 5,000 students",,Houston - 5,No,,,5,
000087,,83669400-cfa0-8ed1-3ed1-b543df89fc9d,,2015-01-25 00:00:00,Yes,2016-03-31 12:06:16,,Yes,2016-06-13 12:24:25,2017-01-25 00:00:00,Active,No,,No,,No,,user_00034,[REDACTED],Active,,,,First00079,,Last00075,,,,,,,,,user00087@example.invalid,alt00023@example.invalid,No,,,[ADDR1_00032],,San Antonio,TX,,782XX,,,,,,,,5550125,[ORG_00086],Career Counselor,,[EADDR1_00032],,Converse,TX,,781XX,,,,,5550126,,,5550127,No,,,,,srch_00001,,False,False,2016-02-02 00:00:00,2017-01-25 00:00:00,153458,0,10,0,338,,,,,,Guidance,Under 50,"Up to 35,000",ACTE000003,7,,1,,7,
000088,,67c79296-b9b8-447b-8e54-147a8b5d6ca8,,,No,,,No,2023-09-29 15:24:41,,,No,,No,,No,,,,,,,,First00080,,Last00087,,,,,,,,,user00088@example.invalid,,No,,,,,,,,,,,,,5550128,,,,[ORG_00087],CTE Business Education High School Teacher,,,,,,,,,,,,,,,,No,,,,,srch_00001,,False,False,,,,0,10,0,,,,,,,,,,,,,,,,
000089,,871925e3-1ebf-b19f-2bf4-24ad8998e11b,,2013-12-03 00:00:00,Yes,2016-03-31 12:06:41,,Yes,2016-11-11 14:56:46,2017-12-01 00:00:00,Educational Institute,No,,No,,No,,user_00035,[REDACTED],Edu. Institution,,,,First00081,,Last00088,,,,,,,,,user00089@example.invalid,,No,,,[ADDR1_00033],,San Antonio,TX,,782XX,,,,,,,,5550129,[ORG_00088],Director of Agriscience Magnet Program,,[EADDR1_00033],,San Antonio,TX,,782XX,,,,,5550130,,,5550131,No,,,,,srch_00001,,False,False,2016-11-11 14:56:46,2017-12-01 00:00:00,153458,0,0,0,466,,,,,,Administration,,,ACTE000004,7,,2,2015-01-31 00:00:00,7,
000090,,c3c22767-689e-5e41-21a7-a37865e0fa75,,2024-02-02 00:00:00,Yes,2024-02-15 15:20:00,2025-10-31 11:21:08,No,2025-10-26 17:09:00,2026-09-29 00:00:00,Administrator,No,,Yes,2025-10-26 17:13:05,Yes,2025-10-26 17:13:05,user_00036,[REDACTED],Active,,,,First00082,,Last00041,Nick00009,,Mr.,,,,,,user00090@example.invalid,alt00024@example.invalid,No,,,[ADDR1_00034],,Bridgeport,Texas,TX,764XX,United States,,,,,,940,5550132,[ORG_00089],CTE Coordinator,,[EADDR1_00034],,Bridgeport,Texas,TX,764XX,United States,,,940,5550133,,940,5550134,No,,,,,srch_00001,,False,False,2025-09-29 14:55:00,2026-09-29 00:00:00,,0,0,0,338,,,,,Administration,Administration,Under 50,"Up to 5,000 students",,Wise - 2,No,,,2,
000091,,4888bf8b-5ab8-1c4d-fa07-85fcc7bf0ad4,,,No,,,No,2020-07-18 18:49:28,,,No,,No,,No,,,,,,,,First00083,,Last00013,,,,,,,,,user00091@example.invalid,,No,,,,,,,,,,,,,5550135,,,,[ORG_00090],Teacher,,,,,,,,,,,,,,,,No,,,,,srch_00001,,False,False,,,,0,10,0,,,,,,,,,,,,,,,,
000092,,cd42fd3b-43a4-825f-b037-4c1aabba8e94,,2016-08-10 00:00:00,Yes,2016-08-10 18:08:00,2026-03-27 11:41:21,No,2026-03-09 09:27:20,2028-02-15 00:00:00,Campus Coach,No,,Yes,2025-12-04 12:24:12,Yes,2025-12-04 12:24:12,user_00037,[REDACTED],Campus Coach,,,,First00084,,Last00089,,,,,,,,,user00092@example.invalid,,No,,,[ADDR1_00035],,Harlingen,Texas,TX,785XX,United States,,,,,,956,5550136,[ORG_00091],Career Counselor,,[EADDR1_00035],,Harlingen,Texas,TX,785XX,United States,,,956,5550137,,956,5550138,No,,,,,srch_00001,,False,False,2026-02-10 10:36:00,2028-02-15 00:00:00,,0,10,0,466,,,,,Guidance,Guidance,Under 50,"Up to 35,000 students",,Cameron - 9,,,,9,
000093,,ffddb555-9ac0-a6d4-ca48-ae7b61da2d80,,2019-03-19 14:12:32,No,,,Yes,2019-03-19 14:12:32,,,No,,No,,No,,user_00038,[REDACTED],Teacher,,,,First00076,,Last00090,Nick00010,,,,,,,,user00093@example.invalid,alt00025@example.invalid,No,,,[ADDR1_00036],,Aledo,Texas,TX,760XX,United States,,,,,,817,5550139,[ORG_00092],CTE Instructor,,[EADDR1_00036],,Everman,Texas,TX,761XX,United States,,,817,5550140,,,,No,,,,,srch_00001,,False,False,,,,0,10,0,338,,,,,Business/Industry,,Under 50,"Up to 5,000 students",,Tarrant - 2,,,,2,"Arts, A/V Technology and Communication"
000094,,bb3f2b48-4449-58fe-ae53-7c194a2a11c0,,2021-11-17 00:00:00,Yes,2021-12-08 11:52:00,2024-03-08 09:54:26,Yes,2023-12-21 00:10:56,2024-12-21 00:00:00,Administrator,No,,Yes,2023-03-10 12:13:08,Yes,2023-03-10 12:13:09,user_00039,[REDACTED],Active,,,,First00085,,Last00091,,,MRS,,,,,,user00094@example.invalid,alt00026@example.invalid,No,,,[ADDR1_00037],,AUSTIN,Texas,TX,787XX,United States,,,,,,704,5550141,[ORG_00093],CTE SPECIALIST,,[EADDR1_00037],,Austin,Texas,TX,787XX,United States,,,704,5550141,,512,5550142,No,,,,,srch_00001,,False,False,2023-12-21 00:10:56,2024-12-21 00:00:00,,0,0,0,338,,,,,Administration,Administration,Under 50,"Up to 50,000 students",,Travis - 4,No,,,4,
000095,,c1d7a4c9-d004-bd3c-751e-49cfc606f465,,2020-09-25 10:10:00,Yes,2020-10-20 16:13:00,2025-10-21 12:49:32,Yes,2025-09-13 13:36:41,2025-10-28 00:00:00,Administrator,No,,No,,No,,user_00040,[REDACTED],Active,,,,First00086,,Last00092,,,Dr.,,,,,,user00095@example.invalid,,No,,,[ADDR1_00038],,Victoria,Texas,TX,779XX,United States,,,,,,361,5550143,[ORG_00036],Assistant Principal,,[EADDR1_00038],,Victoria,Texas,TX,779XX,United States,,,361,5550143,,361,5550144,No,,,,,srch_00001,,False,False,2024-10-28 16:58:25,2025-10-28 00:00:00,,0,0,0,338,,,,,Administration,Administration,Under 40,"Up to 10,000 students",,Victoria - 8,,,,8,
000096,,74c3894e-36d7-18c6-6b0f-f34bbc01eabc,,,No,,,No,2024-06-11 11:52:04,,,No,,No,,No,,,,,,,,First00087,,Last00093,,,,,,,,,user00096@example.invalid,,No,,,,,,,,,,,,,5550145,,,,[ORG_00094],Coordinator - CTE CCMR,,,,,,,,,,,,,,,,No,,,,,srch_00001,,False,False,,,,0,10,0,,,,,,,,,,,,,,,,
000097,,6cf3f72a-6c82-a2be-90c5-a9a3a790ac29,,2021-05-25 18:09:59,Yes,2021-05-25 18:20:15,2022-04-21 10:24:54,Yes,2022-04-21 10:24:43,2022-05-25 00:00:00,Active Leadership,No,,Yes,2021-06-07 10:24:58,Yes,2021-06-07 10:24:58,user_00041,[REDACTED],Active,,,,First00088,,Last00094,,,,,,,,,user00097@example.invalid,,No,,,[ADDR1_00039],,Arp,Texas,TX,757XX,United States,,,,,,903,5550146,[ORG_00095],CCMR Director,,[EADDR1_00039],,Arp,Texas,TX,757XX,United States,,,903,5550147,,903,5550148,No,,,,,srch_00001,,False,False,2021-05-25 18:13:34,2022-05-25 00:00:00,,0,0,0,338,,,,,Administration,Administration,Under 60,"Up to 5,000 students",,Smith - 3,No,,,3,
000098,,5c1ab744-03f4-6693-8f6a-707fd0fd9772,,2018-09-14 11:33:25,Yes,2018-09-14 11:33:25,,Yes,2018-09-14 11:33:25,2019-09-13 00:00:00,Active Instructional,No,,No,,No,,user_00042,[REDACTED],Teacher,,,,First00089,,Last00095,,,,,,,,,user00098@example.invalid,,Yes,,,,,,,,,United States,,,,,,,,[ORG_00096],LPSCS Teacher,,,,,,,,United States,,,,,,,,No,,,,,srch_00001,,False,False,,2019-09-13 00:00:00,,0,10,0,338,,,,,Teacher ,,Under 40,"Up to 35,000 students",,Kaufman - 2,,,,2,"Law, Public Safety and Security"
000099,,49c732ac-395a-f6f0-5639-8d84d0791df9,,2019-06-05 12:20:58,Yes,2019-06-23 13:43:01,2019-10-23 15:48:38,Yes,2022-07-14 14:20:42,2020-06-23 00:00:00,Active Leadership,No,,Yes,2019-10-23 16:20:29,Yes,2019-10-23 16:20:30,user_00043,[REDACTED],Active,,,,First00090,M00004,Last00096,,,Dr.,,,,,,user00099@example.invalid,alt00027@example.invalid,Yes,,,[ADDR1_00040],,Waco,Texas,TX,767XX,United States,,,,,,254,5550149,[ORG_00097],NA,,[EADDR1_00040],,Waco,Texas,TX,767XX,United States,,,254,5550150,,254,5550151,No,,,,,srch_00001,,False,False,2019-06-23 13:42:54,2020-06-23 00:00:00,,0,0,0,338,,,,,Administration,Administration,60,"Up to 35,000 students",,McLennan - 4,No,,,4,
000100,,71672f51-9cb3-2ba6-53be-1d9fe90fd9bb,,2024-03-20 00:00:00,Yes,2024-04-12 15:10:00,2024-07-10 11:18:00,Yes,2024-09-20 12:12:03,2025-03-19 00:00:00,Administrator,No,,Yes,2024-04-16 10:12:30,Yes,2024-04-16 10:12:00,user_00044,[REDACTED],Active,,,,First00091,M00005,Last00068,,,Ms.,,,,,,user00100@example.invalid,alt00028@example.invalid,No,,,[ADDR1_00041],,Gladewater,Texas,TX,756XX,United States,,,,,,903,5550152,[ORG_00098],Superintendent,,[EADDR1_00041],,Gladewater,Texas,TX,756XX,United States,,,903,5550153,,903,5550153,No,,,,,srch_00001,,False,False,2024-04-16 18:34:00,2025-03-19 00:00:00,,0,0,0,338,,,,,Administration,Administration,Under 60,"Up to 5,000 students",,Upshur - 3,No,,,3,
000101,,217324c4-fb28-458f-0f90-8d13fd1e8ce3,,,No,,,No,2026-03-04 10:03:29,,,No,,No,,No,,,,,,,,First00092,,Last00097,,,,,,,,,user00101@example.invalid,,No,,,,,,,,,,,,,5550154,,,,[ORG_00027],CTE Teacher,,,,,,,,,,,,,,,,No,,,,,srch_00001,,False,False,,,,0,10,0,,,,,,,,,,,,,,,,
000102,,702c1040-a8be-2997-9a54-3da740a01e60,,,No,,,No,2016-05-18 16:41:48,,,No,,No,,No,,,,,,,,First00093,,Last00031,,,,,,,,,user00102@example.invalid,,No,,,,,,,,,,,,,5550155,,,,[ORG_00087],Teacher,,,,,,,,,,,,,,,,No,,,,,srch_00001,,False,False,,,,0,10,0,,,,,,,,,,,,,,,,
000103,,e4301f49-24f7-e914-2b06-600cc2706fa4,,,No,,,No,2018-11-01 16:01:55,,,No,,No,,No,,,,,,,,First00094,,Last00098,,,,,,,,,user00103@example.invalid,,No,,,,,,,,,,,,,5550156,,,,[ORG_00015],CTE Teacher,,,,,,,,,,,,,,,,No,,,,,srch_00001,,False,False,,,,0,10,0,,,,,,,,,,,,,,,,
000104,,83c2ef45-fb2b-8c29-b2db-9802b9c32178,,,No,,,No,2016-05-05 10:36:27,,,No,,No,,No,,,,,,,,First00095,,Last00099,,,,,,,,,user00104@example.invalid,,No,,,,,,,,,,,,,5550157,,,,[ORG_00099],Health Science Teacher,,,,,,,,,,,,,,,,No,,,,,srch_00001,,False,False,,,,0,10,0,,,,,,,,,,,,,,,,
000105,,4aec47dc-cc2e-c5bc-d7fd-46eec61ef49d,,2022-07-28 16:07:00,Yes,2022-07-28 16:11:00,2025-01-30 10:16:07,Yes,2024-07-24 11:44:35,2025-07-28 00:00:00,Administrator,No,,Yes,2024-03-07 10:07:58,Yes,2024-03-07 10:07:58,user_00045,[REDACTED],Active,,,,First00096,,Last00100,,,Dr.,,,,,,user00105@example.invalid,alt00029@example.invalid,No,,,[ADDR1_00042],,Hemphill,Texas,TX,759XX,United States,,,,,,903,5550158,[ORG_00100],CTE Director-CTE Counselor,,[EADDR1_00042],,Center,Texas,TX,759XX,United States,https://example.invalid/e00003,,936,5550159,,936,5550160,No,,,,,srch_00001,,False,False,2024-07-24 11:44:35,2025-07-28 00:00:00,,0,0,0,338,,,,,Guidance,Administration,Under 50,"Up to 5,000 students",,Shelby - 3,No,,,3,
000106,,47736e10-a17c-88c3-93e1-d231cc4416c7,,,No,,,No,2020-07-16 11:40:15,,,No,,No,,No,,,,,,,,First00097,,Last00101,,,,,,,,,user00106@example.invalid,,No,,,,,,,,,,,,,5550161,,,,[ORG_00101],Health Science Teacher,,,,,,,,,,,,,,,,No,,,,,srch_00001,,False,False,,,,0,10,0,,,,,,,,,,,,,,,,
000107,,6e72fd0d-a64d-d2be-fbae-f7d350f42efb,,,No,,,No,2018-04-04 15:09:33,,,No,,No,,No,,,,,,,,First00098,,Last00102,,,,,,,,,user00107@example.invalid,,No,,,,,,,,,,,,,5550162,,,,[ORG_00102],Teacher,,,,,,,,,,,,,,,,No,,,,,srch_00001,,False,False,,,,0,10,0,,,,,,,,,,,,,,,,
000108,,268f1986-080a-f9ce-89ba-e7882804b32e,,2021-08-31 15:54:00,Yes,2021-08-31 16:37:49,2022-08-30 09:58:40,Yes,2022-02-01 20:27:20,2022-08-31 00:00:00,Active Leadership,No,,Yes,2021-11-03 15:59:34,Yes,2021-11-03 15:59:39,user_00046,[REDACTED],Active,,,,First00099,M00003,Last00103,,,Mrs.,,,,,,user00108@example.invalid,alt00030@example.invalid,No,,,[ADDR1_00043],,SAN ANTONIO,Texas,TX,782XX,United States,,,,,,210,5550163,[ORG_00103],Coordinator,,[EADDR1_00043],,San Antonio,Texas,TX,782XX,United States,,,210,5550164,,111,5550165,No,,,,,srch_00001,,False,False,,2022-08-31 00:00:00,,0,10,0,338,,,,,Administration,Administration,Under 60,"Up to 10,000 students",,Bexar - 7,No,,,7,
000109,,a1560274-3b93-ac3d-d54d-8ae8ec60a33e,,,No,,,No,2023-06-15 11:58:30,,,No,,No,,No,,,,,,,,First00100,,Last00104,,,,,,,,,user00109@example.invalid,,No,,,,,,,,,,,,,5550166,,,,[ORG_00104],CTE Program Specialist,,,,,,,,,,,,,,,,No,,,,,srch_00001,,False,False,,,,0,10,0,,,,,,,,,,,,,,,,
000110,,6b716487-32fe-c362-2b20-6dd75b469a84,,,No,,,No,2025-06-24 16:13:02,,,No,,No,,No,,,,,,,,First00101,,Last00105,,,,,,,,,user00110@example.invalid,,No,,,,,,,,,,,,,5550167,,,,[ORG_00105],CTE/CCMR Coordinator,,,,,,,,,,,,,,,,No,,,,,srch_00001,,False,False,,,,0,10,0,,,,,,,,,,,,,,,,
000111,,50fc95c1-53f9-b944-8458-103300a95d9b,,,No,,,No,2017-05-03 21:49:18,,,No,,No,,No,,,,,,,,First00014,,Last00106,,,,,,,,,user00111@example.invalid,,No,,,,,,,,,,,,,5550168,,,,[ORG_00106],CTETeacher,,,,,,,,,,,,,,,,No,,,,,srch_00001,,False,False,,,,0,10,0,,,,,,,,,,,,,,,,
000112,,1b07f4c8-aec1-d44e-b8e2-5b93d950d543,,,No,,,No,2017-03-31 14:10:14,,,No,,No,,No,,,,,,,,First00102,,Last00107,,,,,,,,,user00112@example.invalid,,No,,,,,,,,,,,,,5550169,,,,[ORG_00107],Health Science Instructor,,,,,,,,,,,,,,,,No,,,,,srch_00001,,False,False,,,,0,10,0,,,,,,,,,,,,,,,,
000113,,ddd8f13a-dd1d-88af-4980-6a8a874dbf70,,2015-12-11 00:00:00,Yes,2016-03-31 12:06:00,2024-06-26 10:47:30,Yes,2024-05-01 15:38:02,2025-05-01 00:00:00,Administrator,No,,Yes,2024-06-05 13:14:44,Yes,2024-06-05 13:14:44,user_00047,[REDACTED],Active,,,,First00063,,Last00108,,,Dr.,,,,,,user00113@example.invalid,alt00031@example.invalid,No,,,[ADDR1_00044],,Smithville,Texas,TX,789XX,United States,,,,,,254,5550170,[ORG_00108],"Director of College, Career, and Military Readines",,[EADDR1_00044],,Bastrop,Texas,TX,786XX,United States,,,512,5550171,,512,5550172,No,,,,,srch_00001,,False,False,2024-05-01 15:38:02,2025-05-01 00:00:00,153458,0,0,0,338,,,,,Administration,Administration,Under 40,"Up to 35,000 students",,Bastrop - 4,No,0,,4,
000114,,d78d7dce-ab8c-50ca-8b4c-30cae5b13144,,,No,,,No,2017-06-22 00:18:13,,,No,,No,,No,,,,,,,,First00103,,Last00109,,,,,,,,,user00114@example.invalid,,No,,,,,,,,,,,,,5550173,,,,[ORG_00109],Teacher,,,,,,,,,,,,,,,,No,,,,,srch_00001,,False,False,,,,0,10,0,,,,,,,,,,,,,,,,
000115,,91a2a254-659f-b525-1080-99f3118afec5,,,No,,,No,2022-10-31 10:39:19,,,No,,No,,No,,,,,,,,First00104,,Last00110,,,,,,,,,user00115@example.invalid,,No,,,,,,,,,,,,,5550174,,,,[ORG_00110],Counselor,,,,,,,,,,,,,,,,No,,,,,srch_00001,,False,False,,,,0,10,0,,,,,,,,,,,,,,,,
000116,,df4c6281-623d-b6b5-0512-5455b4078b79,,,No,,,No,2023-12-06 15:01:38,,,No,,No,,No,,,,,,,,First00105,,Last00111,,,,,,,,,user00116@example.invalid,,No,,,,,,,,,,,,,5550175,,,,[ORG_00111],CTE Counselors,,,,,,,,,,,,,,,,No,,,,,srch_00001,,False,False,,,,0,10,0,,,,,,,,,,,,,,,,
000117,,9d921149-99e4-5295-23a0-f2fadd8b6045,,,No,,,No,2018-03-09 10:24:04,,,No,,No,,No,,,,,,,,First00106,,Last00112,,,,,,,,,user00117@example.invalid,,No,,,,,,,,,,,,,5550176,,,,[ORG_00112],Teacher,,,,,,,,,,,,,,,,No,,,,,srch_00001,,False,False,,,,0,10,0,,,,,,,,,,,,,,,,
000118,,168c3074-4c20-fde6-ab3a-a81b694fcc3e,,2018-10-10 11:44:00,Yes,2018-10-10 11:44:30,2022-07-09 19:39:11,Yes,2021-05-25 16:20:47,2022-06-30 00:00:00,Active Leadership,No,,Yes,2021-04-13 13:52:32,Yes,2021-04-13 13:52:33,user_00048,[REDACTED],Active,,,,First00107,,Last00113,,,Mrs.,,,,,,user00118@example.invalid,alt00032@example.invalid,No,,,[ADDR1_00045],,CENTER,Texas,TX,759XX,United States,,,,,,936,5550177,[ORG_00100],CTE Coordinator/CTE Counselor,,[EADDR1_00045],,Center,Texas,TX,759XX,United States,,,936,5550159,,936,5550178,No,,,,,srch_00001,,False,False,2021-05-25 16:20:47,2022-06-30 00:00:00,,0,0,0,338,,,,,Administration,Guidance,60,"Up to 5,000 students",ACTE000005,Shelby - 3,Yes,,2019-06-30 00:00:00,3,
000119,,aeb8126d-181d-9e60-f465-781af79c821e,,,No,,,No,2025-01-22 17:32:06,,,No,,No,,No,,,,,,,,First00108,,Last00114,,,,,,,,,user00119@example.invalid,,No,,,,,,,,,,,,,5550179,,,,[ORG_00113],Special Programs Team Lead,,,,,,,,,,,,,,,,No,,,,,srch_00001,,False,False,,,,0,10,0,,,,,,,,,,,,,,,,
000120,,0ef3624f-9bc4-270f-35b4-f56f28e3f5ec,,,No,,,No,2017-05-30 17:59:35,,,No,,No,,No,,,,,,,,First00109,,Last00115,,,,,,,,,user00120@example.invalid,,No,,,,,,,,,,,,,5550180,,,,[ORG_00114],Teacher,,,,,,,,,,,,,,,,No,,,,,srch_00001,,False,False,,,,0,10,0,,,,,,,,,,,,,,,,
000121,,1119f9a3-4ff7-ad71-9432-dcaed28ccf60,,,No,,,No,2022-06-16 15:28:39,,,No,,No,,No,,,,,,,,First00110,,Last00042,,,,,,,,,user00121@example.invalid,,No,,,,,,,,,,,,,5550181,,,,[ORG_00115],Broadcast Adviser,,,,,,,,,,,,,,,,No,,,,,srch_00001,,False,False,,,,0,10,0,,,,,,,,,,,,,,,,
000122,,9b7d555d-4b84-f519-4b3e-cc41006d8b06,,,No,,,No,2021-05-16 16:54:03,,,No,,No,,No,,,,,,,,First00111,,Last00116,,,,,,,,,user00122@example.invalid,,No,,,,,,,,,,,,,5550182,,,,[ORG_00116],Teacher,,,,,,,,,,,,,,,,No,,,,,srch_00001,,False,False,,,,0,10,0,,,,,,,,,,,,,,,,
000123,,a9fdd6a1-3634-5f45-0766-b2be2b1115e0,,,No,,,No,2017-05-01 17:45:29,,,No,,No,,No,,,,,,,,First00112,,Last00117,,,,,,,,,user00123@example.invalid,,No,,,,,,,,,,,,,5550183,,,,[ORG_00117],CTE Teacher,,,,,,,,,,,,,,,,No,,,,,srch_00001,,False,False,,,,0,10,0,,,,,,,,,,,,,,,,
000124,,39971184-01b4-f2aa-51e9-81dd62ff5381,,2017-01-12 16:30:00,Yes,2017-09-07 16:32:25,2018-05-17 12:16:00,Yes,2018-07-08 15:58:31,2018-08-08 00:00:00,Active Instructional,No,,Yes,2017-05-30 15:17:57,Yes,2017-05-30 15:17:58,user_00049,[REDACTED],Teacher,,,,First00031,,Last00118,,,Ms.,,,,,,user00124@example.invalid,alt00033@example.invalid,No,,,[ADDR1_00046],,Muleshoe,Texas,TX,790XX,United States,,,,,,806,5550184,[ORG_00118],CTE Teacher,,[EADDR1_00046],,Muleshoe,Texas,TX,790XX,United States,,,806,5550185,,806,5550186,No,,,,,srch_00001,,False,False,2017-08-08 10:42:00,2018-08-08 00:00:00,,0,0,0,338,,,,,Teacher ,Guidance,Under 60,Up to 500 students,,Bailey - 1,No,,,1,
000125,,0ee30253-6e00-f4e7-05be-b0b6e4929e8a,,,No,,,No,2020-02-10 18:14:48,,,No,,No,,No,,,,,,,,First00113,,Last00119,,,,,,,,,user00125@example.invalid,,No,,,,,,,,,,,,,5550187,,,,[ORG_00119],CTE Coordinator,,,,,,,,,,,,,,,,No,,,,,srch_00001,,False,False,,,,0,10,0,,,,,,,,,,,,,,,,
000126,,7ad04b6f-0a29-2f4d-dbb6-de8768d5692c,,,No,,,No,2021-09-23 14:35:46,,,No,,No,,No,,,,,,,,First00091,,Last00120,,,,,,,,,user00039@example.invalid,,No,,,,,,,,,,,,,5550188,,,,[ORG_00038],JH/ECHS Principal,,,,,,,,,,,,,,,,No,,,,,srch_00001,,False,False,,,,0,10,0,,,,,,,,,,,,,,,,
000127,,63ff532d-e85f-8722-a3b2-825e518d723b,,,No,,,No,2019-11-14 18:12:13,,,No,,No,,No,,,,,,,,First00114,,Last00121,,,,,,,,,user00126@example.invalid,,No,,,,,,,,,,,,,5550189,,,,[ORG_00043],Health Science Teacher,,,,,,,,,,,,,,,,No,,,,,srch_00001,,False,False,,,,0,10,0,,,,,,,,,,,,,,,,
000128,,4719ef22-5d99-ebb9-04bb-3eeee22bcf32,,,No,,,No,2018-03-26 17:31:36,,,No,,No,,No,,,,,,,,First00066,,Last00122,,,,,,,,,user00127@example.invalid,,No,,,,,,,,,,,,,5550190,,,,[ORG_00120],CTE/Businss Teacher,,,,,,,,,,,,,,,,No,,,,,srch_00001,,False,False,,,,0,10,0,,,,,,,,,,,,,,,,
000129,,8312f7b5-15e4-f167-9ec4-807e18243235,,,No,,,No,2016-12-07 14:56:13,,,No,,No,,No,,,,,,,,First00076,,Last00123,,,,,,,,,user00128@example.invalid,,No,,,,,,,,,,,,,5550191,,,,[ORG_00121],CTE Coordinator,,,,,,,,,,,,,,,,No,,,,,srch_00001,,False,False,,,,0,10,0,,,,,,,,,,,,,,,,
000130,,ade75f39-e0e4-7bc4-715e-31119badeee2,,,No,,,No,2017-05-11 13:03:22,,,No,,No,,No,,,,,,,,First00115,,Last00124,,,,,,,,,user00129@example.invalid,,No,,,,,,,,,,,,,5550192,,,,[ORG_00122],Teacher,,,,,,,,,,,,,,,,No,,,,,srch_00001,,False,False,,,,0,10,0,,,,,,,,,,,,,,,,
000131,,a825b122-1efe-0cf1-18ea-14cdfcda01f0,,,No,,,No,2020-05-29 08:44:24,,,No,,No,,No,,,,,,,,First00116,,Last00125,,,,,,,,,user00130@example.invalid,,No,,,,,,,,,,,,,5550193,,,,[ORG_00123],Health Science Inst,,,,,,,,,,,,,,,,No,,,,,srch_00001,,False,False,,,,0,10,0,,,,,,,,,,,,,,,,
000132,,61de389b-a774-71f8-bbcf-a3a9bbfeff7a,,2018-07-26 09:36:00,Yes,2018-07-27 19:48:30,2019-05-25 02:23:42,Yes,2018-10-02 17:39:37,2019-07-26 00:00:00,Active Leadership,No,,Yes,2018-10-23 09:31:36,Yes,2018-10-23 09:31:37,user_00050,[REDACTED],Active,,,,First00043,,Last00126,,,Ms.,,,,,,user00131@example.invalid,alt00034@example.invalid,No,,,[ADDR1_00047],,Copperas Cove,Texas,TX,765XX,United States,,,,,,254,5550194,[ORG_00124],Director of Career & Technical Education,,[EADDR1_00047],,Copperas Cove,Texas,TX,765XX,United States,https://example.invalid/e00004,,254,5550195,,254,5550196,No,,,,,srch_00001,,False,False,2018-07-26 09:38:00,2019-07-26 00:00:00,,0,0,0,338,,,,,Administration,Administration,Under 60,"Up to 10,000 students",,Coryell - 4,No,,,4,
000133,,02de912f-67e6-425a-a3d1-fbf32d31416e,,2023-09-25 00:00:00,Yes,2023-10-04 16:18:00,2026-01-21 07:19:19,No,2025-11-10 18:56:33,2026-11-10 00:00:00,Administrator,No,,Yes,2025-04-17 14:47:16,Yes,2025-04-17 14:47:16,user_00051,[REDACTED],Active,,,,First00117,,Last00127,,,,,,,,,user00132@example.invalid,alt00035@example.invalid,No,,,[ADDR1_00048],,Katy,Texas,TX,774XX,United States,,,,,,281,5550197,[ORG_00125],Instructional Officer,,[EADDR1_00048],,Katy,Texas,TX,774XX,United States,,,281,5550197,,281,5550198,No,,,,,srch_00001,,False,False,2025-11-10 18:56:33,2026-11-10 00:00:00,,0,0,0,338,,,,,Administration,Administration,Under 60,"Up to 50,000 students",,Fort Bend - 6,No,,,6,
000134,,32040aae-dd61-226b-a71a-0d9b03d422c4,,,No,,,No,2025-10-30 09:31:02,,,No,,No,,No,,,,,,,,First00118,,Last00128,,,,,,,,,user00133@example.invalid,,No,,,,,,,,,,,,,5550199,,,,[ORG_00126],Law Enforcement Teacher,,,,,,,,,,,,,,,,No,,,,,srch_00001,,False,False,,,,0,10,0,,,,,,,,,,,,,,,,
000135,,0fa9a8dc-7373-9712-1482-856d0150c09c,,,No,,,No,2022-06-01 15:12:15,,,No,,No,,No,,,,,,,,First00119,,Last00129,,,,,,,,,user00134@example.invalid,,No,,,,,,,,,,,,,5550200,,,,[ORG_00127],School Counselor,,,,,,,,,,,,,,,,No,,,,,srch_00001,,False,False,,,,0,10,0,,,,,,,,,,,,,,,,
000136,,67da1cd9-bc84-d472-50ae-9ec5aa14e643,,2022-04-05 11:05:00,Yes,2022-04-21 12:29:10,2024-06-25 09:38:20,Yes,2023-06-14 14:17:31,2024-06-14 00:00:00,Active Leadership,No,,Yes,2023-11-06 17:39:37,Yes,2023-11-06 17:39:37,user_00052,[REDACTED],Active,,,,First00120,,Last00130,,,Mrs.,,,,,,user00135@example.invalid,alt00036@example.invalid,No,,,[ADDR1_00049],,Elkhart,Texas,TX,758XX,United States,,,,,,903,5550201,[ORG_00128],Counselor,,[EADDR1_00049],,Elkhart,Texas,TX,758XX,United States,https://example.invalid/e00005,,903,5550202,,903,5550203,No,,,,,srch_00001,,False,False,2023-06-14 14:17:31,2024-06-14 00:00:00,,0,0,0,338,,,,,Guidance,Guidance,Under 60,Up to 500 students,,Anderson - 3,No,,,3,
000137,,fb1402ff-0d30-1c92-168b-e87a963087bb,,,No,,,No,2016-05-10 11:52:34,,,No,,No,,No,,,,,,,,First00121,,Last00131,,,,,,,,,user00136@example.invalid,,No,,,,,,,,,,,,,5550204,,,,[ORG_00129],CATE,,,,,,,,,,,,,,,,No,,,,,srch_00001,,False,False,,,,0,10,0,,,,,,,,,,,,,,,,
000138,,18a7106b-ad3d-20e8-0164-a77a3669d33f,,,No,,,No,2020-05-28 16:55:13,,,No,,No,,No,,,,,,,,First00122,,Last00132,,,,,,,,,user00137@example.invalid,,No,,,,,,,,,,,,,5550205,,,,[ORG_00008],Health Science Teacher,,,,,,,,,,,,,,,,No,,,,,srch_00001,,False,False,,,,0,10,0,,,,,,,,,,,,,,,,
000139,,35f36f42-d2f0-fdd6-1afc-8fc28bc616b7,,2025-09-12 11:29:37,No,,,Yes,2025-09-12 11:29:37,,,No,,No,,No,,user_00053,[REDACTED],Active,,,,First00123,,Last00089,Nick00011,,,,,,,,user00138@example.invalid,alt00037@example.invalid,No,,,[ADDR1_00050],,Fort Worth,Texas,TX,761XX,United States,,,,,,817,5550206,[ORG_00130],CTE Coordinator,,[EADDR1_00050],,Fort Worth,Texas,TX,761XX,United States,https://example.invalid/e00006,,817,5550207,,817,5550207,No,,,,,srch_00001,,False,False,,,,0,10,0,338,,,,,Administration,Administration,Under 50,50000,,Tarrant - 2,No,,,2,
000140,,f6b107c7-ad48-f556-47b5-7c479ae96b2d,,,No,,,No,2022-05-18 14:20:10,,,No,,No,,No,,,,,,,,First00124,,Last00133,,,,,,,,,user00139@example.invalid,,No,,,,,,,,,,,,,5550208,,,,[ORG_00131],Teacher,,,,,,,,,,,,,,,,No,,,,,srch_00001,,False,False,,,,0,10,0,,,,,,,,,,,,,,,,
000141,,b94b54e9-14b4-82cd-5bca-b7243978d249,,,No,,,No,2022-06-03 11:40:03,,,No,,No,,No,,,,,,,,First00125,,Last00134,,,,,,,,,user00140@example.invalid,,No,,,,,,,,,,,,,5550209,,,,[ORG_00132],Teacher,,,,,,,,,,,,,,,,No,,,,,srch_00001,,False,False,,,,0,10,0,,,,,,,,,,,,,,,,
000142,,ed76b0f3-81e1-ed7a-070a-7df4ed3a5f2c,,2024-05-30 00:31:15,Yes,2024-05-30 16:34:57,2024-06-18 20:46:13,Yes,2024-05-30 00:34:43,2025-05-30 00:00:00,Teacher,No,,Yes,2024-06-18 20:53:22,Yes,2024-06-18 20:53:22,user_00054,[REDACTED],Teacher,,,,First00070,,Last00041,,,,,,,,,user00141@example.invalid,,No,,,[ADDR1_00051],,Grapevine,Texas,TX,760XX,United States,,,,,,817,5550210,[ORG_00133],Marketing Teacher,,[EADDR1_00051],,Colleyville,Texas,TX,760XX,United States,,,817,5550211,,,,No,,,,,srch_00001,,False,False,2024-05-30 00:34:43,2025-05-30 00:00:00,,0,0,0,338,,,,,Business/Industry,Teacher,Under 50,"Up to 10,000 students",ACTE000006,Tarrant - 2,No,,2025-04-30 00:00:00,2,Business Management and Administration|Marketing|Career Development
000143,,4ae35c5d-ec06-db1f-5abc-8badebb705fc,,2021-06-07 11:54:00,Yes,2021-06-07 12:50:34,2021-08-10 14:21:04,Yes,2021-06-07 11:58:00,2022-06-07 00:00:00,Active Instructional,No,,Yes,2021-06-07 14:28:38,Yes,2021-06-07 14:28:38,user_00055,[REDACTED],Teacher,,,,First00126,,Last00135,,,Mr.,,,,1999-01-01,,user00142@example.invalid,,No,,,[ADDR1_00052],,Corsicana,Texas,TX,751XX,United States,,,,,,903,5550212,[ORG_00134],CTE Teacher,,[EADDR1_00052],,Corsicana,Texas,TX,751XX,United States,https://example.invalid/e00007,,903,5550213,,,,No,,,,,srch_00001,,False,False,2021-06-07 11:58:00,2022-06-07 00:00:00,,0,0,0,338,,,,,Teacher ,,Under 60,"Up to 5,000 students",,Navarro - 4,,,,12,Architecture and Construction
000144,,b019e31c-18b0-98cb-0fca-ae4b0afa6726,,2015-05-07 00:00:00,Yes,2016-03-31 12:06:00,2025-06-17 12:16:59,Yes,2024-07-17 12:13:30,2025-07-17 00:00:00,Administrator,No,,Yes,2023-10-02 23:11:18,Yes,2023-10-02 23:11:18,user_00056,[REDACTED],Active,,,,First00127,,Last00136,,,,,,,,,user00143@example.invalid,alt00038@example.invalid,No,,,[ADDR1_00053],,El Paso,Texas,TX,799XX,United States,,,,,,915,5550214,[ORG_00135],CTE Facilitator,,[EADDR1_00053],,El Paso,Texas,TX,799XX,United States,,,915,5550215,,915,5550215,No,,,,,srch_00001,,False,False,2024-07-17 12:13:30,2025-07-17 00:00:00,153458,0,0,0,338,,,,,Administration,Administration,Under 60,"Up to 50,000 students",,El Paso - 11,Yes,0,,11,
000145,,3bf4f25e-8b6a-62ba-f568-dae04e45faf2,,,No,,,No,2021-07-15 22:16:20,,,No,,No,,No,,,,,,,,First00041,,Last00137,,,,,,,,,user00144@example.invalid,,No,,,,,,,,,,,,,5550216,,,,[ORG_00136],Counselor,,,,,,,,,,,,,,,,No,,,,,srch_00001,,False,False,,,,0,10,0,,,,,,,,,,,,,,,,
000146,,ec5d127b-3921-52d5-b6fd-8431f35a33b8,,,No,,,No,2020-07-06 12:21:14,,,No,,No,,No,,,,,,,,First00128,,Last00138,,,,,,,,,user00145@example.invalid,,No,,,,,,,,,,,,,5550217,,,,[ORG_00137],Ag Teacher,,,,,,,,,,,,,,,,No,,,,,srch_00001,,False,False,,,,0,10,0,,,,,,,,,,,,,,,,
000147,,364d0590-2be0-c8ab-cbbd-0196d8f0175c,,,No,,,No,2019-11-12 17:09:44,,,No,,No,,No,,,,,,,,First00129,,Last00139,,,,,,,,,user00146@example.invalid,,No,,,,,,,,,,,,,5550218,,,,[ORG_00023],Counselor,,,,,,,,,,,,,,,,No,,,,,srch_00001,,False,False,,,,0,10,0,,,,,,,,,,,,,,,,
000148,,ec9a6cb8-cee1-6e5b-7b73-542cac501542,,,No,,,No,2021-10-28 13:01:16,,,No,,No,,No,,,,,,,,First00130,,Last00140,,,,,,,,,user00147@example.invalid,,No,,,,,,,,,,,,,5550219,,,,[ORG_00138],CTE/PEIMS,,,,,,,,,,,,,,,,No,,,,,srch_00001,,False,False,,,,0,10,0,,,,,,,,,,,,,,,,
000149,,f6c0f3e2-f8f8-06b4-942d-3c4140c2f23a,,,No,,,No,2016-06-22 11:01:38,,,No,,No,,No,,,,,,,,First00131,,Last00141,,,,,,,,,user00148@example.invalid,,No,,,,,,,,,,,,,5550220,,,,[ORG_00139],"CTE Coordinator, Instructional Services",,,,,,,,,,,,,,,,No,,,,,srch_00001,,False,False,,,,0,10,0,,,,,,,,,,,,,,,,
000150,,bafa96f6-a49d-a0b8-65a6-34c2e770c730,,2021-12-02 09:44:00,Yes,2022-01-12 14:53:57,2023-06-05 12:16:34,Yes,2022-11-18 15:19:27,2024-01-12 00:00:00,Active Leadership,No,,Yes,2023-04-03 13:38:11,Yes,2023-04-03 13:38:11,user_00057,[REDACTED],Active,,,,First00132,,Last00142,,,Mrs.,,,,,,user00149@example.invalid,alt00039@example.invalid,No,,,[ADDR1_00054],,La Porte,Texas,TX,775XX,United States,,,,,,281,5550221,[ORG_00140],CTE Director,,[EADDR1_00054],,Baytown,Texas,TX,775XX,United States,,,281,5550222,,281,5550222,No,,,,,srch_00001,,False,False,2022-11-18 15:19:27,2024-01-12 00:00:00,,0,0,0,338,,,,,Administration,Administration,Under 60,"Up to 35,000 students",,Harris - 6,Yes,,,6,
000151,,4fb1e37c-a8f4-e68d-2e18-146908083232,,,No,,,No,2020-12-18 11:34:27,,,No,,No,,No,,,,,,,,First00133,,Last00143,,,,,,,,,user00150@example.invalid,,No,,,,,,,,,,,,,5550223,,,,[ORG_00103],CTE Coordinator,,,,,,,,,,,,,,,,No,,,,,srch_00001,,False,False,,,,0,10,0,,,,,,,,,,,,,,,,
000152,,f969a4b1-6ce6-f2d0-13b2-cd022cec1976,,,No,,,No,2016-05-09 13:56:40,,,No,,No,,No,,,,,,,,First00134,,Last00144,,,,,,,,,user00151@example.invalid,,No,,,,,,,,,,,,,5550224,,,,[ORG_00141],Welding Teacher,,,,,,,,,,,,,,,,No,,,,,srch_00001,,False,False,,,,0,10,0,,,,,,,,,,,,,,,,
000153,,c39beb5a-23b1-9d33-736b-b2eaad83d8b2,,,No,,,No,2017-04-25 15:44:53,,,No,,No,,No,,,,,,,,First00135,,Last00145,,,,,,,,,user00152@example.invalid,,No,,,,,,,,,,,,,5550225,,,,[ORG_00142],Teacher,,,,,,,,,,,,,,,,No,,,,,srch_00001,,False,False,,,,0,10,0,,,,,,,,,,,,,,,,
000154,,3b0a4113-2367-4e11-be37-90277da576ff,,2019-10-29 12:01:09,No,,,Yes,2019-10-29 12:01:09,,,No,,Yes,2019-10-30 11:48:22,Yes,2019-10-30 11:48:23,user_00058,[REDACTED],Edu. Institution,,,,First00043,,Last00146,,,Mrs.,,,,,,user00153@example.invalid,alt00040@example.invalid,No,,,[ADDR1_00055],,Kingsville,Texas,TX,783XX,United States,,,,,,361,5550226,[ORG_00063],Mrs.,Counseling,[EADDR1_00055],,Kingsville,Texas,TX,783XX,United States,,,361,5550227,,361,5550228,No,,,,,srch_00001,,False,False,,,,0,10,0,466,,,,,Guidance,Guidance,Under 40,"Up to 5,000 students",,Kleberg - 8,,2,,8,
000155,,833a5429-5234-2002-8eae-f401e8f63179,,2025-05-09 00:00:00,Yes,2025-05-09 10:56:06,2025-10-01 09:47:47,No,2025-05-20 12:02:29,2026-05-08 00:00:00,Teacher,No,,No,,No,,user_00059,[REDACTED],Teacher,,,,First00136,,Last00123,,,,,,,,,user00154@example.invalid,,No,,,[ADDR1_00056],,Spring,Texas,TX,773XX,United States,,,,,,575,5550229,[ORG_00106],CTE Teacher,,[EADDR1_00056],,HOuston,Texas,TX,770XX,United States,,,281,5550230,,,,No,,,,,srch_00001,,False,False,2025-05-09 10:35:00,2026-05-08 00:00:00,,0,0,0,338,,,,,Teacher ,Teacher,60,"Up to 50,000 students",,Harris - 6,No,,,6,Education and Training|Information Technology
000156,,aa2b40d9-e1cc-e32b-87b1-b2900f566931,,,No,,,No,2025-01-23 09:36:53,,,No,,No,,No,,,,,,,,First00137,,Last00147,,,,,,,,,user00155@example.invalid,,No,,,,,,,,,,,,,5550231,,,,[ORG_00047],CTE Teacher,,,,,,,,,,,,,,,,No,,,,,srch_00001,,False,False,,,,0,10,0,,,,,,,,,,,,,,,,
000157,,c12b004f-a423-58c8-af29-e087daef9ccf,,2021-10-12 12:40:00,Yes,2023-06-22 17:24:00,2026-03-31 15:44:57,No,2026-01-05 18:17:03,2027-01-05 00:00:00,Teacher,No,,Yes,2024-10-23 16:39:20,Yes,2024-10-23 16:39:20,user_00060,[REDACTED],Teacher,,,,First00120,,Last00148,Nick00012,,Mrs.,,,,,,user00156@example.invalid,alt00041@example.invalid,No,,,[ADDR1_00057],,Iowa Park,Texas,TX,763XX,United States,,,,,,940,5550232,[ORG_00143],Teacher,,[EADDR1_00057],,Iowa Park,Texas,TX,763XX,United States,,,940,5550232,,,,No,,,,,srch_00001,,False,False,2026-01-05 18:17:03,2027-01-05 00:00:00,,0,0,0,338,,,,,Teacher ,Teacher,Under 60,"Up to 5,000 students",,Wichita - 1,No,,,1,Human Services|Career Development
000158,,3a47476c-d7db-b6d7-a8e5-dce07d5d1634,,2017-09-06 14:48:00,Yes,2017-09-25 17:53:00,2026-06-01 11:31:30,No,2025-09-22 17:02:00,2026-10-20 00:00:00,Administrator,No,,Yes,2026-05-11 12:00:14,Yes,2026-05-11 12:00:14,user_00061,[REDACTED],Active,,,,First00138,,Last00149,,,Ms.,,,,,,user00157@example.invalid,alt00042@example.invalid,No,,,[ADDR1_00058],,Friendswood,Texas,TX,775XX,United States,,,,,,409,5550233,[ORG_00144],Executive Director of CTE & Community Partnerships,,[EADDR1_00058],,Friendswood ,Texas,TX,775XX,United States,https://example.invalid/e00008,,281,5550234,,0,5550235,No,,,,,srch_00001,,False,False,2025-09-22 17:02:00,2026-10-20 00:00:00,,0,0,0,338,,,,,Administration,Administration,Under 50,"Up to 10,000 students",,Galveston - 6,No,,,6,
000159,,ece1ee9f-7a15-ed41-a7c1-c5770fbd65dd,,,No,,,No,2024-03-28 14:09:47,,,No,,No,,No,,,,,,,,First00139,,Last00106,,,,,,,,,user00158@example.invalid,,No,,,,,,,,,,,,,5550236,,,,[ORG_00145],Asst Principal,,,,,,,,,,,,,,,,No,,,,,srch_00001,,False,False,,,,0,10,0,,,,,,,,,,,,,,,,
000160,,aa013040-50c9-f3a8-a5c0-ed8d91423096,,,No,,,No,2024-04-04 11:05:08,,,No,,No,,No,,,,,,,,First00140,,Last00150,,,,,,,,,user00159@example.invalid,,No,,,,,,,,,,,,,5550237,,,,[ORG_00146],CTE Director,,,,,,,,,,,,,,,,No,,,,,srch_00001,,False,False,,,,0,10,0,,,,,,,,,,,,,,,,
000161,,5398c784-6af1-46ad-1837-f0cd2cb6c098,,2016-05-19 16:45:00,Yes,2016-06-20 17:34:45,2017-05-18 10:53:55,Yes,2018-05-09 14:47:35,2017-06-20 00:00:00,Active,No,,No,,No,,user_00062,[REDACTED],Active,,,,First00048,,Last00151,,,,,,,,,user00160@example.invalid,,No,,,[ADDR1_00059],,Stephenville,Texas,TX,764XX,United States,,,,,,817,5550238,[ORG_00147],CTE Teacher,,[EADDR1_00059],,Mineral Wells,Texas,TX,760XX,United States,,,940,5550239,,940,5550240,No,,,,,srch_00001,,False,False,2016-06-20 17:25:50,2017-06-20 00:00:00,153458,0,0,0,338,,,,,Teacher ,Administration,Under 60,"Up to 5,000 students",,Palo Pinto - 2,No,,,2,
000162,,c844a648-3bef-43d8-a8d5-a0b2acaf0983,,2015-11-17 00:00:00,Yes,2016-03-31 12:06:46,2017-04-20 08:05:00,Yes,2016-11-11 14:51:55,2017-11-16 00:00:00,Active,No,,Yes,2017-04-20 08:08:18,Yes,2017-04-20 08:08:18,user_00063,[REDACTED],Active,,,,First00141,,Last00152,,,,,,,,,user00161@example.invalid,alt00043@example.invalid,No,,,[ADDR1_00060],,Friendswood,Texas,TX,775XX,United States,,,,,,713,5550241,[ORG_00144],CTE Executive Director,,[EADDR1_00060],,Friendswood,Texas,TX,775XX,United States,,,281,5550242,,281,5550243,No,,,,,srch_00001,,False,False,2016-11-11 14:51:55,2017-11-16 00:00:00,153458,0,0,0,338,,,,,Administration,Administration,Under 60,"Up to 10,000 students",ACTE000007,Harris - 6,,0,2014-10-31 00:00:00,6,
000163,,dc7d7a25-e1ba-a23e-9bdb-aacd93476a58,,2023-01-20 14:40:40,No,,,Yes,2023-01-20 14:40:40,,,No,,No,,No,,user_00064,[REDACTED],Active,,,,First00142,,Last00153,,,Mr.,,,,,,user00162@example.invalid,alt00044@example.invalid,No,,,[ADDR1_00061],,Farmersville,Texas,TX,754XX,United States,,,,,,903,5550244,[ORG_00148],CTE Coordinator,,[EADDR1_00061],,Farmersville,Texas,TX,754XX,United States,,,972,5550245,,972,5550246,No,,,,,srch_00001,,False,False,,,,0,10,0,338,,,,,Administration,Administration,Under 50,"Up to 5,000 students",,Collin - 2,Yes,,,2,
000164,,a0422573-3b14-1413-223b-eafb47e2ffe6,,,No,,,No,2019-04-29 11:19:45,,,No,,No,,No,,,,,,,,First00143,,Last00154,,,,,,,,,user00163@example.invalid,,No,,,,,,,,,,,,,5550247,,,,[ORG_00149],Business Teacher/CTE Director ,,,,,,,,,,,,,,,,No,,,,,srch_00001,,False,False,,,,0,10,0,,,,,,,,,,,,,,,,
000165,,7c97facb-6a5c-d1a0-1d3c-2f1431531aba,,2023-06-18 00:00:00,Yes,2023-06-19 10:14:00,2024-06-18 08:57:00,Yes,2024-06-18 12:08:00,2024-06-18 00:00:00,Administrator,No,,No,,No,,user_00065,[REDACTED],Active,,,,First00144,M00006,Last00155,Nick00005,,Mr,,,,,,user00164@example.invalid,,No,,,[ADDR1_00062],,Abilene,Texas,TX,796XX,United States,,,,,,512,5550248,[ORG_00150],Director of CTE,,[EADDR1_00062],,Merkel,Texas,TX,795XX,United States,https://example.invalid/e00009,,325,5550249,,325,5550250,No,,,,,srch_00001,,False,False,2024-06-18 00:03:00,2024-06-18 00:00:00,,0,0,0,338,,,,,Administration,Administration,Under 60,"Up to 5,000 students",,Taylor - 12,,,,12,
000166,,7195da3b-4eba-744c-e5cd-b060c0ca86a8,,,No,,,No,2017-05-29 09:43:26,,,No,,No,,No,,,,,,,,First00031,,Last00156,,,,,,,,,user00165@example.invalid,,No,,,,,,,,,,,,,5550251,,,,[ORG_00151],RN,,,,,,,,,,,,,,,,No,,,,,srch_00001,,False,False,,,,0,10,0,,,,,,,,,,,,,,,,
000167,,68198e0b-e63d-f305-8fc9-e4c5338061b8,,,No,,,No,2021-04-09 14:15:53,,,No,,No,,No,,,,,,,,First00034,,Last00157,,,,,,,,,user00166@example.invalid,,No,,,,,,,,,,,,,5550252,,,,[ORG_00152],Business Teacher,,,,,,,,,,,,,,,,No,,,,,srch_00001,,False,False,,,,0,10,0,,,,,,,,,,,,,,,,
000168,,d8b771d4-2250-24eb-5a2c-7ebe34ebda23,,,No,,,No,2019-03-22 10:36:20,,,No,,No,,No,,,,,,,,First00145,,Last00158,,,,,,,,,user00167@example.invalid,,No,,,,,,,,,,,,,5550253,,,,[ORG_00153],Law Enforcement Teacher,,,,,,,,,,,,,,,,No,,,,,srch_00001,,False,False,,,,0,10,0,,,,,,,,,,,,,,,,
000169,,d7ddb4c1-4e06-1939-ddf5-917d0348142b,,,No,,,No,2020-06-04 10:34:46,,,No,,No,,No,,,,,,,,First00146,,Last00159,,,,,,,,,user00168@example.invalid,,No,,,,,,,,,,,,,5550254,,,,[ORG_00154],School Counselor,,,,,,,,,,,,,,,,No,,,,,srch_00001,,False,False,,,,0,10,0,,,,,,,,,,,,,,,,
000170,,475a31b8-a517-0c40-4fe1-86678f5202ec,,2023-04-14 19:01:15,No,,,Yes,2023-04-14 19:01:15,,,No,,No,,No,,user_00066,[REDACTED],Edu. Institution,,,,First00147,,Last00160,,,Mrs.,,,,,,user00169@example.invalid,,No,,,[ADDR1_00063],,"Washington, D.C.",Maryland,MD,206XX,United States,,,,,,240,5550255,[ORG_00155],Science Department Chair,Education,[EADDR1_00063],,"Washington, D.C.",District of Columbia,DC,200XX,United States,,,202,5550256,,202,5550256,No,,,[REDACTED_FREETEXT],,srch_00001,,False,False,,,,0,10,0,466,,,,,Teacher ,Not applicable,Under 40,"Up to 5,000 students",,Dallas - 2,No,,,12,
000171,,0527a72c-67bb-3230-6ee5-296eca774b4d,,2023-07-10 13:18:09,Yes,2023-07-10 13:36:56,2024-08-23 09:42:53,Yes,2024-06-25 18:33:35,2025-07-10 00:00:00,Teacher,No,,Yes,2023-08-17 14:48:40,No,,user_00067,[REDACTED],Teacher,,,,First00093,,Last00161,Nick00013,,Mr.,,,,,,user00170@example.invalid,alt00045@example.invalid,No,,,[ADDR1_00064],,Weimar,Texas,TX,789XX,United States,,,,,,979,5550257,[ORG_00085],Teacher,,[EADDR1_00064],,Columbus,Texas,TX,789XX,United States,,,979,5550258,,,,No,,,,,srch_00001,,False,False,2024-06-25 18:33:35,2025-07-10 00:00:00,,0,0,0,338,,,,,Teacher ,Teacher,Under 40,"Up to 5,000 students",,Colorado - 8,,,,8,Architecture and Construction|Manufacturing
000172,,dd86a7e0-89b6-19ad-d61f-9128374c9b80,,2019-10-23 00:00:00,Yes,2019-10-23 14:52:01,2021-04-06 14:12:00,Yes,2023-01-09 11:47:22,2023-10-10 00:00:00,Active Instructional,No,,Yes,2022-12-19 17:18:39,Yes,2022-12-19 17:18:39,user_00068,[REDACTED],Teacher,,,,First00148,,Last00089,,,Mrs.,,,,1991-01-01,,user00171@example.invalid,alt00046@example.invalid,No,,,[ADDR1_00065],,BEEVILLE,Texas,TX,781XX,United States,,,,,,361,5550259,[ORG_00156],CTE Counselor,,[EADDR1_00065],,BEEVILLE,Texas,TX,781XX,United States,,,361,5550259,,,,No,,,,,srch_00001,,False,False,2022-10-10 14:01:00,2023-10-10 00:00:00,,0,0,0,338,,,,,Guidance,,Under 50,"Up to 5,000 students",,Bee - 8,,,,8,"Agriculture, Food & Natural Resources|Architecture and Construction|Arts, A/V Technology and Communication|Business Management and Administration|Education and Training|Finance|Health Science|Hospitality and Tourism|Human Services|Law, Public Safety and Security|Manufacturing|STEM|Career Development"
000173,,bd562bae-8d71-2b28-384e-1ae6ff5214c0,,,No,,,No,2025-12-18 12:21:00,,,No,,No,,No,,,,,,,,First00066,,Last00089,,,,,,,,,user00172@example.invalid,,No,,,,,,,,,,,,,5550260,,,,[ORG_00157],Coordinator - Counseling Services,,,,,,,,,,,,,,,,No,,,,,srch_00001,,False,False,,,,0,10,0,,,,,,,,,,,,,,,,
000174,,ea079a3b-1da4-ede7-e106-647294153f25,,,No,,,No,2018-06-26 12:30:18,,,No,,No,,No,,,,,,,,First00149,,Last00162,,,,,,,,,user00173@example.invalid,,No,,,,,,,,,,,,,5550261,,,,[ORG_00158],CTE Teacher,,,,,,,,,,,,,,,,No,,,,,srch_00001,,False,False,,,,0,10,0,,,,,,,,,,,,,,,,
000175,,9d26bad9-906a-3ab4-e211-7e6ee63c5836,,,No,,,No,2023-10-26 10:16:41,,,No,,No,,No,,,,,,,,First00150,,Last00163,,,,,,,,,user00174@example.invalid,,No,,,,,,,,,,,,,5550262,,,,[ORG_00159],District Coordinator for Counselors,,,,,,,,,,,,,,,,No,,,,,srch_00001,,False,False,,,,0,10,0,,,,,,,,,,,,,,,,
000176,,8a5dbad1-859f-e72e-4872-9b4b23e39d60,,2024-02-26 09:53:00,Yes,2024-03-18 18:52:00,2026-02-10 11:50:40,No,2025-08-07 12:52:12,2026-08-07 00:00:00,Administrator,No,,Yes,2025-11-13 16:54:01,Yes,2025-11-13 16:54:01,user_00069,[REDACTED],Active,,,,First00151,,Last00164,,,Mr.,,,,,,user00175@example.invalid,,No,,,[ADDR1_00066],,Grand Prairie,Texas,TX,750XX,United States,,,,,,817,5550263,[ORG_00160],CTE/CCMR Coordinator,,[EADDR1_00066],,Duncanville,Texas,TX,751XX,United States,,,972,5550264,,972,5550264,No,,,,,srch_00001,,False,False,2025-08-07 12:52:12,2026-08-07 00:00:00,,0,0,0,338,,,,,Administration,Administration,Under 40,"Up to 35,000 students",,Dallas - 2,No,,,2,
000177,,48d6c684-dc46-9229-0fda-f022fcd6d7be,,,No,,,No,2022-06-07 15:16:45,,,No,,No,,No,,,,,,,,First00084,,Last00165,,,,,,,,,user00176@example.invalid,,No,,,,,,,,,,,,,5550265,,,,[ORG_00161],CTE Counselor,,,,,,,,,,,,,,,,No,,,,,srch_00001,,False,False,,,,0,10,0,,,,,,,,,,,,,,,,
000178,,294a0483-27ce-f7fd-dda6-22d0b63f9bc5,,,No,,,No,2025-12-09 15:47:49,,,No,,No,,No,,,,,,,,First00152,,Last00166,,,,,,,,,user00177@example.invalid,,No,,,,,,,,,,,,,5550266,,,,[ORG_00162],Teacher,,,,,,,,,,,,,,,,No,,,,,srch_00001,,False,False,,,,0,10,0,,,,,,,,,,,,,,,,
000179,,2133e213-55c4-0bc3-d0ce-2e49cf61e4c9,,,No,,,No,2016-05-13 14:38:51,,,No,,No,,No,,,,,,,,First00153,,Last00167,,,,,,,,,user00178@example.invalid,,No,,,,,,,,,,,,,5550267,,,,[ORG_00163],Chairman --Business and Computer Science Division ,,,,,,,,,,,,,,,,No,,,,,srch_00001,,False,False,,,,0,10,0,,,,,,,,,,,,,,,,
000180,,2a08a057-6873-291c-af1d-60137059ee56,,2026-03-30 00:00:00,Yes,2026-04-15 12:14:00,,No,2026-04-15 12:14:23,2027-04-15 00:00:00,Administrator,No,,Yes,2026-03-30 14:44:27,No,2026-03-30 14:44:27,user_00070,[REDACTED],Active,,,,First00154,,Last00168,,,,,,,,,user00179@example.invalid,alt00047@example.invalid,No,,,[ADDR1_00067],,Robstown,Texas,TX,783XX,United States,,,,,,361,5550268,[ORG_00164],Academic Counselor,,[EADDR1_00067],,Robstown,Texas,TX,783XX,United States,,,361,5550269,,361,5550269,No,,,,,srch_00001,,False,False,2026-04-15 12:13:00,2027-04-15 00:00:00,,0,0,0,338,,,,,Guidance,Guidance,Under 60,"Up to 5,000 students",,Nueces - 8,No,,,8,
000181,,a46b0e4d-d13a-7b69-f33e-b812401aa457,,,No,,,No,2016-06-15 10:49:50,,,No,,No,,No,,,,,,,,First00155,,Last00169,,,,,,,,,user00180@example.invalid,,No,,,,,,,,,,,,,5550270,,,,[ORG_00130],Teacher,,,,,,,,,,,,,,,,No,,,,,srch_00001,,False,False,,,,0,10,0,,,,,,,,,,,,,,,,
000182,,ef149881-ee3f-1785-7229-023c99f4e111,,,No,,,No,2017-04-21 10:37:43,,,No,,No,,No,,,,,,,,First00156,,Last00170,,,,,,,,,user00181@example.invalid,,No,,,,,,,,,,,,,5550271,,,,[ORG_00165],Business Teacher,,,,,,,,,,,,,,,,No,,,,,srch_00001,,False,False,,,,0,10,0,,,,,,,,,,,,,,,,
000183,,aa7e049b-73de-cf96-4cba-0a92b2bfb4fe,,,No,,,No,2018-03-27 12:46:43,,,No,,No,,No,,,,,,,,First00157,,Last00171,,,,,,,,,user00182@example.invalid,,No,,,,,,,,,,,,,5550272,,,,[ORG_00166],BUSINESS & TECHNOLOGY TEACHER,,,,,,,,,,,,,,,,No,,,,,srch_00001,,False,False,,,,0,10,0,,,,,,,,,,,,,,,,
000184,,5014104e-12fd-955c-007a-580c5b38a1cb,,,No,,,No,2024-01-31 13:06:33,,,No,,No,,No,,,,,,,,First00158,,Last00172,,,,,,,,,user00183@example.invalid,,No,,,,,,,,,,,,,5550273,,,,[ORG_00156],School Counselor,,,,,,,,,,,,,,,,No,,,,,srch_00001,,False,False,,,,0,10,0,,,,,,,,,,,,,,,,
000185,,7b44fa03-032b-ec5f-b208-aa55ab467469,,,No,,,No,2023-10-02 10:54:13,,,No,,No,,No,,,,,,,,First00159,,Last00173,,,,,,,,,user00184@example.invalid,,No,,,,,,,,,,,,,5550274,,,,[ORG_00047],Teacher,,,,,,,,,,,,,,,,No,,,,,srch_00001,,False,False,,,,0,10,0,,,,,,,,,,,,,,,,
000186,,7011a16f-0fc9-7fb2-6aeb-bc7aaba8a712,,,No,,,No,2021-05-27 12:04:21,,,No,,No,,No,,,,,,,,First00160,,Last00174,,,,,,,,,user00185@example.invalid,,No,,,,,,,,,,,,,5550275,,,,[ORG_00106],CTE teacher,,,,,,,,,,,,,,,,No,,,,,srch_00001,,False,False,,,,0,10,0,,,,,,,,,,,,,,,,
000187,,201e74c6-560f-f00d-5e84-d962e7ac0027,,2024-02-14 11:31:00,Yes,2024-02-27 15:57:00,2024-10-24 15:07:10,Yes,2024-04-22 09:41:13,2025-02-27 00:00:00,Administrator,No,,Yes,2024-03-05 11:20:47,Yes,2024-03-05 11:20:47,user_00071,[REDACTED],Active,,,,First00161,M00007,Last00175,Nick00014,III,Mr.,,,,,,user00186@example.invalid,alt00048@example.invalid,No,,,[ADDR1_00068],,Jacksonville,Texas,TX,757XX,United States,,,,,,903,5550276,[ORG_00167],CTE Director,,[EADDR1_00068],,Greenville,Texas,TX,754XX,United States,,,903,5550277,,903,5550278,No,,,,,srch_00001,,False,False,2024-02-27 15:57:00,2025-02-27 00:00:00,,0,0,0,338,,,,,Administration,Administration,Under 60,"Up to 5,000 students",,Hunt - 2,No,,,2,
000188,,ac1c62d8-ce5a-bc88-ce9e-17f22e1852bc,,2022-09-29 08:43:00,Yes,2022-09-29 10:46:00,2024-02-26 21:52:26,Yes,2023-12-19 14:33:03,2024-09-29 00:00:00,Administrator,No,,Yes,2022-12-13 10:07:23,Yes,2022-12-13 10:07:23,user_00072,[REDACTED],Active,,,,First00162,,Last00176,,,,,,,,,user00187@example.invalid,alt00049@example.invalid,No,,,[ADDR1_00069],,Uvalde,Texas,TX,788XX,United States,,,,,,830,5550279,[ORG_00168],Assistant Director of Rural Healthcare Education,,[EADDR1_00069],,Uvalde,Texas,TX,788XX,United States,https://example.invalid/e00010,,830,5550279,,830,5550235,No,,,,,srch_00001,,False,False,2023-09-29 08:40:00,2024-09-29 00:00:00,,0,0,0,338,,,,,Administration,Administration,Under 60,"Up to 5,000 students",,Uvalde - 7,Yes,,,7,
000189,,0b0588e4-d1a1-62fe-c246-d3b088539e3f,,2017-02-08 18:48:32,No,,,Yes,2017-02-08 18:48:32,,,No,,No,,No,,user_00073,[REDACTED],Active,,,,First00163,,Last00177,,,,,,,,,user00188@example.invalid,,No,,,[ADDR1_00070],,Conroe,Texas,TX,773XX,United States,,,,,,832,5550280,[ORG_00169],Assistant Principal,,[EADDR1_00070],,Conroe,Texas,TX,773XX,United States,,,936,5550281,,936,5550282,No,,,[REDACTED_FREETEXT],,srch_00001,,False,False,,,,0,10,0,338,,,,,Administration,Administration,Under 60,"Up to 50,000 students",,Montgomery - 5,,,,6,
000190,,b6bf3a1f-c9fa-1e82-793c-fd5f319b9a0c,,2021-06-22 12:27:08,Yes,2021-06-28 09:54:21,,Yes,2021-06-27 15:57:28,2022-06-27 00:00:00,Associate,No,,Yes,2021-06-27 15:56:17,Yes,2021-06-27 15:56:18,user_00074,[REDACTED],Associate,,,,First00164,,Last00157,,,Ms.,1985-01-01,,,,,user00189@example.invalid,alt00050@example.invalid,No,,,[ADDR1_00071],,League City,Texas,TX,775XX,United States,,,,,,832,5550283,[ORG_00170],Teacher,Education,[EADDR1_00071],,League City,Texas,TX,775XX,United States,,,832,5550283,,832,5550283,No,,,,,srch_00001,,False,False,2021-06-27 15:57:28,2022-06-27 00:00:00,,0,0,0,466,,,,,Teacher ,Teacher,Under 30,Up to 500 students,,Harris - 6,,10,,2,Health Science|Career Development
000191,,f6dc5aa1-9f5d-d437-d315-8a29c7c482f8,,,No,,,No,2024-01-19 10:52:05,,,No,,No,,No,,,,,,,,First00079,,Last00178,,,,,,,,,user00190@example.invalid,,No,,,,,,,,,,,,,5550284,,,,[ORG_00171],Director of PEIMS,,,,,,,,,,,,,,,,No,,,,,srch_00001,,False,False,,,,0,10,0,,,,,,,,,,,,,,,,
000192,,ac5f9ab3-dc98-bb8a-7028-83430cae6944,,,No,,,No,2020-09-16 13:07:12,,,No,,No,,No,,,,,,,,First00165,,Last00179,,,,,,,,,user00191@example.invalid,,No,,,,,,,,,,,,,5550285,,,,[ORG_00131],Teacher ,,,,,,,,,,,,,,,,No,,,,,srch_00001,,False,False,,,,0,10,0,,,,,,,,,,,,,,,,
000193,,c65bf816-5e2c-a53d-00f2-7a2ed067784f,,,No,,,No,2023-01-30 09:51:00,,,No,,No,,No,,,,,,,,First00130,,Last00180,,,,,,,,,user00192@example.invalid,,No,,,,,,,,,,,,,5550286,,,,[ORG_00172],CEO,,,,,,,,,,,,,,,,No,,,,,srch_00001,,False,False,,,,0,10,0,,,,,,,,,,,,,,,,
000194,,d98fae4e-566d-61a8-cfa9-80a91ea10c13,,,No,,,No,2025-05-23 17:42:27,,,No,,No,,No,,,,,,,,First00166,,Last00181,,,,,,,,,user00193@example.invalid,,No,,,,,,,,,,,,,5550287,,,,[ORG_00173],Career & Education Outreach Specialist,,,,,,,,,,,,,,,,No,,,,,srch_00001,,False,False,,,,0,10,0,,,,,,,,,,,,,,,,
000195,,0f59e334-424f-5838-1f13-ec92230f5cbd,,2026-04-14 14:34:00,No,,,Yes,2026-04-14 14:34:00,,,No,,No,,No,,user_00075,[REDACTED],Active,,,,First00167,,Last00182,,,Ms.,,,,,,user00194@example.invalid,alt00051@example.invalid,Yes,,,[ADDR1_00072],,Jacksonville,Texas,TX,751XX,United States,,,,,,903,5550288,[ORG_00174],Counselor,,[EADDR1_00072],,Larue,Texas,TX,757XX,United States,,,903,5550289,,903,5550290,No,,,,,srch_00001,,False,False,,,,0,10,0,338,,,,,Guidance,Guidance,Under 60,Up to 500 students,,Henderson - 3,No,,,3,
000196,,9f1fa5dc-6008-8de0-c976-9562a6194e4a,,,No,,,No,2024-03-06 11:32:46,,,No,,No,,No,,,,,,,,First00168,,Last00148,,,,,,,,,user00195@example.invalid,,No,,,,,,,,,,,,,5550291,,,,[ORG_00175],Success Coach,,,,,,,,,,,,,,,,No,,,,,srch_00001,,False,False,,,,0,10,0,,,,,,,,,,,,,,,,
000197,,68114b2f-6bb9-97e9-82fe-cc4aa8cf3988,,2024-06-06 13:33:41,Yes,2024-06-25 18:32:57,,Yes,2024-06-25 18:32:52,2025-06-25 00:00:00,Administrator,No,,No,,No,,user_00076,[REDACTED],Active,,,,First00169,,Last00183,,,Mrs,,,,,,user00196@example.invalid,,No,,,[ADDR1_00073],,Humble,Texas,TX,773XX,United States,,,,,,713,5550292,[ORG_00176],Director,,[EADDR1_00073],,Houston,Texas,TX,770XX,United States,,,281,5550293,,281,5550294,No,,,,,srch_00001,,False,False,2024-06-25 18:32:52,2025-06-25 00:00:00,,0,0,0,338,,,,,Administration,Administration,Under 50,"Up to 10,000 students",,Houston - 5,No,,,5,
000198,,c03161aa-d556-2ff6-fad5-24941c95b008,,,No,,,No,2017-06-05 15:04:38,,,No,,No,,No,,,,,,,,First00031,,Last00184,,,,,,,,,user00197@example.invalid,,No,,,,,,,,,,,,,5550295,,,,[ORG_00115],College & Career Transition Center,,,,,,,,,,,,,,,,No,,,,,srch_00001,,False,False,,,,0,10,0,,,,,,,,,,,,,,,,
000199,,1ab9e4fb-d6c5-cbaf-482f-229006f872b0,,,No,,,No,2026-04-07 09:50:52,,,No,,No,,No,,,,,,,,First00170,,Last00185,,,,,,,,,user00198@example.invalid,,No,,,,,,,,,,,,,5550296,,,,[ORG_00177],Campus Principal - Gregory-Portland High School,,,,,,,,,,,,,,,,No,,,,,srch_00001,,False,False,,,,0,10,0,,,,,,,,,,,,,,,,
000200,,b55dc042-75a5-25b7-6875-3260a199d447,,2022-06-09 15:39:00,Yes,2022-07-05 16:47:00,2026-06-23 13:26:06,No,2025-10-08 18:28:12,2026-10-08 00:00:00,Administrator,No,,Yes,2026-06-22 13:44:05,Yes,2026-06-22 13:44:05,user_00077,[REDACTED],Active,,,,First00171,,Last00186,,,Mr.,,,,,,user00199@example.invalid,,No,,,[ADDR1_00074],,Van,Texas,TX,757XX,United States,,,,,,972,5550297,[ORG_00178],CTE Director,,[EADDR1_00074],,Van,Texas,TX,757XX,United States,,,903,5550298,,903,5550299,No,,,,,srch_00001,,False,False,2025-10-08 18:28:12,2026-10-08 00:00:00,,0,0,0,338,,,,,Teacher ,Administration,Under 40,"Up to 5,000 students",,Van Zandt - 3,Yes,,,3,
000201,,0422980e-4314-e464-98d6-ca356da317a8,,,No,,,No,2019-06-07 13:32:01,,,No,,No,,No,,,,,,,,First00172,,Last00187,,,,,,,,,user00200@example.invalid,,No,,,,,,,,,,,,,5550300,,,,[ORG_00087],Teacher ,,,,,,,,,,,,,,,,No,,,,,srch_00001,,False,False,,,,0,10,0,,,,,,,,,,,,,,,,
000202,,0a16cf82-6751-3516-e274-f254c620eee1,,,No,,,No,2020-07-21 09:36:22,,,No,,No,,No,,,,,,,,First00173,,Last00188,,,,,,,,,user00201@example.invalid,,No,,,,,,,,,,,,,5550301,,,,[ORG_00179],FCS Teacher ,,,,,,,,,,,,,,,,No,,,,,srch_00001,,False,False,,,,0,10,0,,,,,,,,,,,,,,,,
000203,,3fa6164e-7652-70c3-e83f-f354591cdd9f,,2024-03-07 16:44:36,Yes,2024-05-31 11:43:04,2025-03-24 17:25:17,Yes,2024-12-02 17:19:40,2025-05-31 00:00:00,Administrator,No,,Yes,2025-03-24 17:33:34,Yes,2025-03-24 17:33:35,user_00078,[REDACTED],Active,,,,First00174,,Last00189,Nick00015,,Ms.,,,,,,user00202@example.invalid,alt00052@example.invalid,No,,,[ADDR1_00075],,Grand Prairie,Texas,TX,750XX,United States,,,,,,682,5550302,[ORG_00180],CTE Program Manager,,[EADDR1_00075],,GRAND PRAIRIE,Texas,TX,750XX,United States,https://example.invalid/e00011,,972,5550303,,972,5550303,No,,,,,srch_00001,,False,True,2024-05-31 11:42:59,2025-05-31 00:00:00,,0,0,0,338,,,,,Administration,Administration,Under 50,"Up to 35,000 students",,Dallas - 2,No,,,2,
000204,,500b502d-9ce4-f78a-41e8-2a70f3584baa,,2023-05-26 00:00:00,Yes,2023-06-29 12:12:00,2026-07-13 16:11:25,No,2026-05-06 15:20:49,2027-04-26 00:00:00,Administrator,No,,Yes,2026-04-28 12:01:17,Yes,2026-04-28 12:01:17,user_00079,[REDACTED],Active,,,,First00175,M00003,Last00190,,,,,,,,,user00203@example.invalid,,No,,,[ADDR1_00076],,Aledo,Texas,TX,760XX,United States,,,,,,817,5550304,[ORG_00181],CTE Coordinator,,[EADDR1_00076],,Aledo,Texas,TX,760XX,United States,,,817,5550305,,817,5550306,No,,,,,srch_00001,,False,False,2026-05-06 15:20:00,2027-04-26 00:00:00,,0,0,0,338,,,,,Administration,Administration,Under 60,"Up to 10,000 students",,Parker - 2,No,,,2,
000205,,5a6f491a-5e7e-bcaf-4977-0d96761cdb25,,,No,,,No,2020-03-12 15:16:50,,,No,,No,,No,,,,,,,,First00090,,Last00191,,,,,,,,,user00204@example.invalid,,No,,,,,,,,,,,,,5550307,,,,[ORG_00182],Professor,,,,,,,,,,,,,,,,No,,,,,srch_00001,,False,False,,,,0,10,0,,,,,,,,,,,,,,,,
000206,,1b083f4f-33c6-29eb-b7ab-7991af0ed12e,,,No,,,No,2019-05-24 15:12:10,,,No,,No,,No,,,,,,,,First00054,,Last00192,,,,,,,,,user00205@example.invalid,,No,,,,,,,,,,,,,5550308,,,,[ORG_00183],Former High School Principal,,,,,,,,,,,,,,,,No,,,,,srch_00001,,False,False,,,,0,10,0,,,,,,,,,,,,,,,,
000207,,0e9ab813-c026-1bda-b649-40855598951a,,,No,,,No,2023-05-04 15:59:22,,,No,,No,,No,,,,,,,,First00176,,Last00089,,,,,,,,,user00206@example.invalid,,No,,,,,,,,,,,,,5550309,,,,[ORG_00184],"school counselor, cte coordinator",,,,,,,,,,,,,,,,No,,,,,srch_00001,,False,False,,,,0,10,0,,,,,,,,,,,,,,,,
000208,,f027ea97-add2-72ba-467e-b64f1b63d910,,,No,,,No,2019-11-15 22:09:19,,,No,,No,,No,,,,,,,,First00177,,Last00193,,,,,,,,,user00207@example.invalid,,No,,,,,,,,,,,,,5550310,,,,[ORG_00185],Health Science Teacher,,,,,,,,,,,,,,,,No,,,,,srch_00001,,False,False,,,,0,10,0,,,,,,,,,,,,,,,,
000209,,f8b8a478-5d4c-c16a-1c84-2f3cdd89d2ef,,,No,,,No,2022-06-06 13:03:48,,,No,,No,,No,,,,,,,,First00178,,Last00194,,,,,,,,,user00208@example.invalid,,No,,,,,,,,,,,,,5550311,,,,[ORG_00186],Teacher,,,,,,,,,,,,,,,,No,,,,,srch_00001,,False,False,,,,0,10,0,,,,,,,,,,,,,,,,
000210,,0b9b84a1-b44a-d4f9-e426-8f0a8c7c72ad,,,No,,,No,2024-10-29 10:29:08,,,No,,No,,No,,,,,,,,First00179,,Last00195,,,,,,,,,user00209@example.invalid,,No,,,,,,,,,,,,,5550312,,,,[ORG_00187],Counselor,,,,,,,,,,,,,,,,No,,,,,srch_00001,,False,False,,,,0,10,0,,,,,,,,,,,,,,,,
000211,,0433941a-e3b0-65b0-d42b-bcd3d9d118c6,,2017-12-14 00:00:00,Yes,2018-01-04 14:38:57,2022-06-16 17:12:00,Yes,2023-06-12 13:59:19,2023-06-12 00:00:00,Active Leadership,No,,Yes,2021-07-13 13:02:54,Yes,2021-07-13 13:02:55,user_00080,[REDACTED],Active,,,,First00080,M00008,Last00196,,,Mr.,,,,,,user00210@example.invalid,alt00053@example.invalid,No,,,[ADDR1_00077],,Tyler,Texas,TX,757XX,United States,,,,,,903,5550313,[ORG_00188],Executive Director of College & Career,,[EADDR1_00077],,TYLER,Texas,TX,757XX,United States,,,903,5550314,,903,5550315,No,,,,,srch_00001,[REDACTED_FREETEXT],False,False,2022-06-01 13:35:00,2023-06-12 00:00:00,,0,0,0,338,,,,,Administration,Administration,Under 60,"Up to 35,000 students",,Smith - 3,No,,,3,
000212,,5260a58a-bc8f-2887-5652-cb3a1cf27fbc,,2019-04-17 10:37:00,Yes,2019-10-07 14:30:00,2024-04-21 17:12:04,Yes,2024-07-30 02:34:04,2025-02-21 00:00:00,Administrator,No,,Yes,2023-10-31 13:37:03,Yes,2023-10-31 13:37:03,user_00081,[REDACTED],Active,,,,First00180,,Last00197,,,,,,,,,user00211@example.invalid,alt00054@example.invalid,No,,,[ADDR1_00078],,Port Arthur,Texas,TX,776XX,United States,,,,,,409,5550316,[ORG_00189],CTE Counselor,,[EADDR1_00078],,Port  Arthur,Texas,TX,776XX,United States,,,409,5550317,,409,5550318,No,,,,,srch_00001,,False,False,2024-02-21 12:47:08,2025-02-21 00:00:00,,0,0,0,338,,,,,Guidance,Guidance,60,"Up to 10,000 students",,Jefferson - 10,,,,10,
000213,,e1c656e8-0b4e-7195-6a30-7106fbe8f345,,2018-07-17 12:59:00,Yes,2018-07-17 13:33:49,,Yes,2019-09-03 09:53:46,2019-07-17 00:00:00,Associate,No,,Yes,2018-07-22 17:05:39,Yes,2018-07-22 17:05:41,user_00082,[REDACTED],Associate,,,,First00181,,Last00198,,,Mr,1952-01-01,,,,,user00212@example.invalid,alt00055@example.invalid,No,,,[ADDR1_00079],,Alvin,Texas,TX,775XX,United States,,,,,,832,5550319,[ORG_00190],Na,Education,[EADDR1_00079],,Alvin,Texas,TX,775XX,United States,,,832,5550319,,0,5550235,No,,,,,srch_00001,,False,False,2018-07-17 13:03:00,2019-07-17 00:00:00,,0,0,0,466,,,,,Teacher ,Teacher,60,Up to 500 students,,Brazoria - 6,,,,6,Career Development
000214,,10a6c056-72d0-a535-6778-25d8442701f7,,2024-01-09 10:09:00,Yes,2024-01-09 10:28:00,2025-01-10 12:11:49,Yes,2025-01-09 00:08:18,2026-01-09 00:00:00,Administrator,No,,Yes,2024-01-09 10:31:02,Yes,2024-01-09 10:31:02,user_00083,[REDACTED],Active,,,,First00182,,Last00199,,,Ms.,,,,,,user00213@example.invalid,,No,,,[ADDR1_00080],,Killeen,Texas,TX,765XX,United States,,,,,,254,5550320,[ORG_00191],Ex. Dir. for Elementary Schools,,[EADDR1_00080],,Killeen,Texas,TX,765XX,United States,,,254,5550321,,254,5550321,No,,,,,srch_00001,,False,False,2025-01-09 00:08:18,2026-01-09 00:00:00,,0,0,0,338,,,,,Administration,Administration,Under 40,"Up to 50,000 students",,Bell - 4,No,,,4,
000215,,b49355bc-d707-6646-f927-a878239e67d5,,2023-06-22 15:23:00,Yes,2023-06-29 15:14:00,2024-04-09 22:19:37,Yes,2024-04-09 22:19:21,2024-06-29 00:00:00,Active Leadership,No,,Yes,2023-11-08 09:43:36,Yes,2023-11-08 09:43:37,user_00084,[REDACTED],Active,,,,First00183,,Last00200,,,Dr.,,,,,,user00214@example.invalid,,No,,,[ADDR1_00081],[ADDR2_00005],Grand Prairie,Texas,TX,750XX,United States,,,,,,214,5550322,[ORG_00192],Industry Partner Coordinator,,[EADDR1_00081],,Dallas,Texas,TX,752XX,United States,,,972,5550323,,972,5550323,No,,,,,srch_00001,,False,False,2023-06-29 15:14:00,2024-06-29 00:00:00,,0,0,0,338,,,,,Administration,Administration,Under 60,"Up to 50,000 students",,Dallas - 2,,,,2,
000216,,8b516192-521e-1f3d-e8e3-0ac347ee7542,,,No,,,No,2020-04-29 09:27:04,,,No,,No,,No,,,,,,,,First00184,,Last00201,,,,,,,,,user00215@example.invalid,,No,,,,,,,,,,,,,5550324,,,,[ORG_00193],Teacher,,,,,,,,,,,,,,,,No,,,,,srch_00001,,False,False,,,,0,10,0,,,,,,,,,,,,,,,,
000217,,b0c5b169-22ad-8aba-e989-ee14f34cfdcb,,,No,,,No,2020-01-17 15:41:17,,,No,,No,,No,,,,,,,,First00185,,Last00202,,,,,,,,,user00216@example.invalid,,No,,,,,,,,,,,,,5550325,,,,[ORG_00053],ASSOCIATE PRINCIPAL,,,,,,,,,,,,,,,,No,,,,,srch_00001,,False,False,,,,0,10,0,,,,,,,,,,,,,,,,
000218,,d111d0d8-a32e-8394-ed4a-c21589c5e59e,,2017-07-13 23:58:00,Yes,2017-07-13 23:58:21,2018-05-30 11:42:00,Yes,2019-12-10 13:38:52,2020-12-10 00:00:00,Active Instructional,No,,No,,No,,user_00085,[REDACTED],Teacher,,,,First00186,,Last00203,,,,,,,,,user00217@example.invalid,alt00056@example.invalid,No,,,,,Flower Mound,Texas,TX,750XX,United States,,,,,,865,5550326,[ORG_00194],Marketing Teacher,,[EADDR1_00082],,Grapevine,Texas,TX,760XX,United States,,,865,5550326,,,,No,,,,,srch_00001,,False,False,2019-12-10 13:38:52,2020-12-10 00:00:00,,0,0,0,338,,,,,Teacher ,Marketing Council,Under 40,"Up to 10,000 students",,Tarrant - 2,,,,2,Marketing
000219,,f299bf61-c5b7-8646-d93b-50a2dfb3d595,,,No,,,No,2024-02-28 16:00:13,,,No,,No,,No,,,,,,,,First00187,,Last00204,,,,,,,,,user00218@example.invalid,,No,,,,,,,,,,,,,5550327,,,,[ORG_00008],Counselor,,,,,,,,,,,,,,,,No,,,,,srch_00001,,False,False,,,,0,10,0,,,,,,,,,,,,,,,,
000220,,165bff8d-ae70-88e6-5d67-026086247cf6,,,No,,,No,2026-04-14 15:04:02,,,No,,No,,No,,,,,,,,First00188,,Last00015,,,,,,,,,user00219@example.invalid,,No,,,,,,,,,,,,,5550328,,,,[ORG_00195],Criminal Justice Teacher,,,,,,,,,,,,,,,,No,,,,,srch_00001,,False,False,,,,0,10,0,,,,,,,,,,,,,,,,
000221,,afa5e39b-50fe-d12b-bf1f-f9634dbebb94,,2026-02-20 00:00:00,Yes,2026-02-21 11:27:19,2026-06-15 15:46:00,No,2026-02-24 09:11:09,2027-02-19 00:00:00,Teacher,No,,Yes,2026-03-11 13:33:49,No,2026-03-11 13:33:49,user_00086,[REDACTED],Teacher,,,,First00189,,Last00205,,,Mr,,,,,,user00220@example.invalid,alt00057@example.invalid,No,,,[ADDR1_00082],,Godley,Texas,TX,760XX,United States,,,,,,817,5550329,[ORG_00196],Criminal Justice Teacher,,[EADDR1_00083],,Godley,Texas,TX,760XX,United States,https://example.invalid/e00012,,817,5550330,,,,No,,,,,srch_00001,,False,False,2026-02-20 13:51:00,2027-02-19 00:00:00,,0,0,0,338,,,,,Teacher ,Teacher,Under 50,"Up to 50,000 students",,Johnson	 - 2,No,,,2,"Law, Public Safety and Security"
000222,,0067fd06-f15e-c01a-adc0-200faad03505,,,No,,,No,2016-06-17 11:55:24,,,No,,No,,No,,,,,,,,First00190,,Last00206,,,,,,,,,user00221@example.invalid,,No,,,,,,,,,,,,,5550331,,,,[ORG_00197],Health Science Instructor,,,,,,,,,,,,,,,,No,,,,,srch_00001,,False,False,,,,0,10,0,,,,,,,,,,,,,,,,
000223,,4f7f20c1-e41d-6a4b-c1f4-d23c96fd7315,,2024-03-26 11:02:44,Yes,2024-07-09 16:27:18,2025-03-18 15:57:53,Yes,2024-07-09 16:27:13,2025-07-09 00:00:00,Teacher,No,,Yes,2024-05-24 12:59:49,Yes,2024-05-24 12:59:50,user_00087,[REDACTED],Teacher,,,,First00191,,Last00029,,,Mrs.,,,,,,user00222@example.invalid,alt00058@example.invalid,No,,,[ADDR1_00083],,Waco,Texas,TX,767XX,United States,,,,,,254,5550332,[ORG_00198],CTE Teacher,,[EADDR1_00084],[EADDR2_00006],Waco,Texas,TX,767XX,United States,,,254,5550332,,,,No,,,,,srch_00001,,False,False,2024-07-09 16:27:13,2025-07-09 00:00:00,,0,0,0,338,,,,,Teacher ,Teacher,Under 60,"Up to 10,000 students",,McLennan - 4,No,,,4,Business Management and Administration|Finance|Marketing
000224,,7237df8a-3e4b-c6d2-7fff-3426d24aa1a0,,,No,,,No,2023-06-23 15:21:17,,,No,,No,,No,,,,,,,,First00192,,Last00207,,,,,,,,,user00223@example.invalid,,No,,,,,,,,,,,,,5550333,,,,[ORG_00199],CTE Teacher,,,,,,,,,,,,,,,,No,,,,,srch_00001,,False,False,,,,0,10,0,,,,,,,,,,,,,,,,
000225,,2e029bdc-1fa0-a919-6c6d-ef35c3361b67,,,No,,,No,2025-02-09 17:39:16,,,No,,No,,No,,,,,,,,First00044,,Last00208,,,,,,,,,user00224@example.invalid,,No,,,,,,,,,,,,,5550334,,,,[ORG_00200],Education Specialist ,,,,,,,,,,,,,,,,No,,,,,srch_00001,,False,False,,,,0,10,0,,,,,,,,,,,,,,,,
000226,,eb8b729b-031c-2b71-9d39-ddfeb9e3472b,,2016-08-18 11:56:00,Yes,2016-08-18 11:56:00,2026-06-17 01:38:03,No,2025-12-14 00:06:37,2026-12-14 00:00:00,Administrator,No,,Yes,2026-03-24 16:40:12,Yes,2026-03-24 16:40:12,user_00088,[REDACTED],Active,,,Female,First00193,,Last00209,,,Dr.,,,,,,user00225@example.invalid,alt00059@example.invalid,No,,,[ADDR1_00084],,Honey Grove,Texas,TX,754XX,United States,,,,,,580,5550335,[ORG_00201],NETCAT CTE Director,,[EADDR1_00085],,Commerce,Texas,TX,754XX,United States,,,580,5550335,,903,5550336,No,,,,,srch_00001,,False,False,2025-12-14 00:06:37,2026-12-14 00:00:00,,0,0,0,338,,,,,Administration,Administration,Under 50,"Up to 5,000 students",,Hunt - 2,No,,,2,
000227,,36a31f3e-bf05-07bc-ccaa-984445b602e4,,,No,,,No,2025-02-26 13:30:21,,,No,,No,,No,,,,,,,,First00064,,Last00210,,,,,,,,,user00226@example.invalid,,No,,,,,,,,,,,,,5550337,,,,[ORG_00056],Counselor High School CTE,,,,,,,,,,,,,,,,No,,,,,srch_00001,,False,False,,,,0,10,0,,,,,,,,,,,,,,,,
000228,,b9689b6d-d8ea-133d-34ec-a8dcaea5315f,,2019-04-11 11:21:51,Yes,2019-04-11 11:31:13,2019-04-26 16:02:44,Yes,2019-04-11 11:26:00,2020-04-11 00:00:00,Active Instructional,No,,Yes,2019-04-26 16:08:06,Yes,2019-04-26 16:08:07,user_00089,[REDACTED],Teacher,,,,First00194,,Last00211,,,,,,,,,user00227@example.invalid,alt00060@example.invalid,No,,,[ADDR1_00085],,Elgin,Texas,TX,786XX,United States,,,,,,254,5550338,[ORG_00202],Teacher,,[EADDR1_00086],,Lexington,Texas,TX,789XX,United States,,,254,5550338,,,,No,,,,,srch_00001,,False,False,2019-04-11 11:26:00,2020-04-11 00:00:00,,0,0,0,338,,,,,Teacher ,,Under 30,"Up to 5,000 students",,Lee - 4,Yes,,,4,"Arts, A/V Technology and Communication|Education and Training|Hospitality and Tourism"
000229,,41f4a4a6-d186-c04f-c131-356f48e939fe,,,No,,,No,2022-07-18 17:50:40,,,No,,No,,No,,,,,,,,First00195,,Last00212,,,,,,,,,user00228@example.invalid,,No,,,,,,,,,,,,,5550339,,,,[ORG_00203],CTE Teacher,,,,,,,,,,,,,,,,No,,,,,srch_00001,,False,False,,,,0,10,0,,,,,,,,,,,,,,,,
000230,,95d214d7-54eb-30f6-7438-3d0c71465ced,,,No,,,No,2016-05-23 12:03:39,,,No,,No,,No,,,,,,,,First00188,,Last00213,,,,,,,,,user00229@example.invalid,,No,,,,,,,,,,,,,5550340,,,,[ORG_00176],Teacher,,,,,,,,,,,,,,,,No,,,,,srch_00001,,False,False,,,,0,10,0,,,,,,,,,,,,,,,,
000231,,eeb2198f-9527-0a27-d179-9a714f6fc734,,,No,,,No,2018-11-16 18:52:01,,,No,,No,,No,,,,,,,,First00021,,Last00214,,,,,,,,,user00230@example.invalid,,No,,,,,,,,,,,,,5550341,,,,[ORG_00144],Health Science Teacher,,,,,,,,,,,,,,,,No,,,,,srch_00001,,False,False,,,,0,10,0,,,,,,,,,,,,,,,,
000232,,cc3bd429-8acb-dc95-5cc9-6fa461cd0b3a,,,No,,,No,2023-10-04 12:30:52,,,No,,No,,No,,,,,,,,First00196,,Last00031,,,,,,,,,user00231@example.invalid,,No,,,,,,,,,,,,,5550342,,,,[ORG_00204],College and Career Readiness Counselor ,,,,,,,,,,,,,,,,No,,,,,srch_00001,,False,False,,,,0,10,0,,,,,,,,,,,,,,,,
000233,,1a97322e-af8a-e3fb-f59e-3783de05ac90,,2026-03-14 10:21:33,No,,,Yes,2026-03-14 10:21:33,,,No,,Yes,2026-05-28 13:18:35,Yes,2026-05-28 13:18:00,user_00090,[REDACTED],Active,,,,First00144,,Last00215,,,,,,,,,user00232@example.invalid,,No,,,[ADDR1_00086],,Dallas,Texas,TX,752XX,United States,,,,,,409,5550343,[ORG_00205],Director of Healthcare Programs and Pathways,,[EADDR1_00087],,Dallas,Texas,TX,752XX,United States,,,409,5550343,,409,5550343,No,,,,,srch_00001,,False,False,,,,0,10,0,338,,,,,Administration,Administration,Under 40,"Up to 35,000 students",,Dallas - 2,,,,3,
000234,,a402f59b-2c6b-dda1-0371-506f271bdd5d,,,No,,,No,2021-02-02 18:10:06,,,No,,No,,No,,,,,,,,First00038,,Last00216,,,,,,,,,user00233@example.invalid,,No,,,,,,,,,,,,,5550344,,,,[ORG_00206],Teacher,,,,,,,,,,,,,,,,No,,,,,srch_00001,,False,False,,,,0,10,0,,,,,,,,,,,,,,,,
000235,,757ce213-c7f7-d43f-35d1-65b1fa5afc01,,2025-11-03 00:00:00,Yes,2025-11-03 13:20:34,2025-11-13 12:56:24,No,2025-11-03 13:46:31,2026-11-02 00:00:00,Associate,No,,No,,No,,user_00091,[REDACTED],Associate,,,,First00197,,Last00217,,,Mr.,1966-01-01,,,,,user00234@example.invalid,alt00061@example.invalid,No,,,[ADDR1_00087],,Brenham,Texas,TX,778XX,United States,,,,,,281,5550345,[ORG_00207],Territory Manager,Education,[EADDR1_00088],,Brenham,Texas,TX,778XX,United States,,,281,5550345,,281,5550345,No,,,,,srch_00001,,False,False,2025-11-03 12:26:00,2026-11-02 00:00:00,,0,0,0,466,,,,,Administration,Not applicable,60,Not Applicable,,Brazos - 5,,,,5,"Agriculture, Food & Natural Resources|Architecture and Construction|Arts, A/V Technology and Communication|Business Management and Administration|Education and Training|Finance|Government and Public Administration|Health Science|Hospitality and Tourism|Human Services|Information Technology|Law, Public Safety and Security|Manufacturing|Marketing|STEM|Transportation, Distribution and Logistics|Career Development|Not Applicable"
000236,,7e2bf8b9-cadd-87dc-7800-c98d42dcb2db,,,No,,,No,2026-06-25 09:25:22,,,No,,No,,No,,,,,,,,First00198,,Last00218,,,,,,,,,user00235@example.invalid,,No,,,,,,,,,,,,,5550346,,,,[ORG_00124],CFO,,,,,,,,,,,,,,,,No,,,,,srch_00001,,False,False,,,,0,10,0,,,,,,,,,,,,,,,,
000237,,86769b3f-687f-118d-94e5-d9cd89d3b30f,,,No,,,No,2016-11-11 12:56:49,,,No,,No,,No,,,,,,,,First00199,,Last00219,,,,,,,,,user00236@example.invalid,,No,,,,,,,,,,,,,5550347,,,,[ORG_00208],Counselor,,,,,,,,,,,,,,,,No,,,,,srch_00001,,False,False,,,,0,10,0,,,,,,,,,,,,,,,,
000238,,1bf7078e-f5af-d4f3-f2ec-1fed31949820,,2024-09-17 11:26:00,Yes,2024-09-18 10:07:00,2026-05-01 15:17:20,No,2025-09-23 17:49:35,2026-09-25 00:00:00,Administrator,No,,Yes,2026-02-09 09:41:10,Yes,2026-02-09 09:41:10,user_00092,[REDACTED],Active,,,,First00200,,Last00220,,,,,,,,,user00237@example.invalid,alt00062@example.invalid,No,,,[ADDR1_00088],,Nocona,Texas,TX,762XX,United States,,,,,,940,5550348,[ORG_00209],College and Career Counselor Specialist,,[EADDR1_00089],,Wichita Falls,Texas,TX,763XX,United States,,,940,5550349,,940,5550350,No,,,,,srch_00001,,False,False,2025-09-23 17:49:35,2026-09-25 00:00:00,,0,0,0,338,,,,,Postsecondary,Guidance,Under 50,Not Applicable,,Wichita - 1,No,,,1,
000239,,e8676ab3-83fd-1a32-d017-0f1b5d0ec7bf,,,No,,,No,2020-05-29 18:01:44,,,No,,No,,No,,,,,,,,First00201,,Last00221,,,,,,,,,user00238@example.invalid,,No,,,,,,,,,,,,,5550351,,,,[ORG_00008],Teacher,,,,,,,,,,,,,,,,No,,,,,srch_00001,,False,False,,,,0,10,0,,,,,,,,,,,,,,,,
000240,,d51f4470-9cfb-e814-5272-cf66509da7de,,,No,,,No,2019-04-25 09:13:53,,,No,,No,,No,,,,,,,,First00202,,Last00222,,,,,,,,,user00239@example.invalid,,No,,,,,,,,,,,,,5550352,,,,[ORG_00210],Teacher,,,,,,,,,,,,,,,,No,,,,,srch_00001,,False,False,,,,0,10,0,,,,,,,,,,,,,,,,
000241,,0ba0ed23-ea85-5f80-ed83-44155bac0742,,,No,,,No,2025-04-23 16:32:45,,,No,,No,,No,,,,,,,,First00135,,Last00223,,,,,,,,,user00240@example.invalid,,No,,,,,,,,,,,,,5550353,,,,[ORG_00211],Counselor,,,,,,,,,,,,,,,,No,,,,,srch_00001,,False,False,,,,0,10,0,,,,,,,,,,,,,,,,
000242,,eaee0bf7-8dab-fa1a-7940-047154e9255a,,,No,,,No,2022-05-23 10:43:16,,,No,,No,,No,,,,,,,,First00031,,Last00224,,,,,,,,,user00241@example.invalid,,No,,,,,,,,,,,,,5550354,,,,[ORG_00212],Work Based Learning Coordinator,,,,,,,,,,,,,,,,No,,,,,srch_00001,,False,False,,,,0,10,0,,,,,,,,,,,,,,,,
000243,,55eee133-5b15-a2dc-6c26-3d94da0884d1,,,No,,,No,2017-05-12 17:14:41,,,No,,No,,No,,,,,,,,First00077,,Last00225,,,,,,,,,user00242@example.invalid,,No,,,,,,,,,,,,,5550355,,,,[ORG_00213],Touch System Data Entry Teacher,,,,,,,,,,,,,,,,No,,,,,srch_00001,,False,False,,,,0,10,0,,,,,,,,,,,,,,,,
000244,,dbabeb1c-6b60-5696-9b6d-9b527c0d27d1,,,No,,,No,2021-05-06 14:43:50,,,No,,No,,No,,,,,,,,First00203,,Last00187,,,,,,,,,user00243@example.invalid,,No,,,,,,,,,,,,,5550356,,,,[ORG_00087],Teacher,,,,,,,,,,,,,,,,No,,,,,srch_00001,,False,False,,,,0,10,0,,,,,,,,,,,,,,,,
000245,,db336156-7cbb-3e08-d5aa-434b76847608,,2018-07-10 12:15:00,Yes,2018-07-10 12:57:07,2019-10-06 16:24:11,Yes,2019-07-16 10:38:03,2020-07-16 00:00:00,Active Instructional,No,,Yes,2019-04-30 11:25:51,Yes,2019-04-30 11:25:51,user_00093,[REDACTED],Teacher,,,,First00166,,Last00226,,,,,,,,,user00244@example.invalid,alt00063@example.invalid,No,,,[ADDR1_00089],,Ingleside,Texas,TX,783XX,United States,,,,,,713,5550357,[ORG_00214],Teacher-CTE,,[EADDR1_00090],,Corpus Christi,Texas,TX,784XX,United States,,,361,5550358,,,,No,,,,,srch_00001,,False,False,2019-07-16 10:38:03,2020-07-16 00:00:00,,0,0,0,338,,,,,Teacher ,,Under 60,"Up to 5,000 students",,Nueces - 8,No,,,8,Business Management and Administration|Finance|Career Development
000246,,a9b69650-b3a7-1510-c9b1-3f43f3c1f66b,,2023-11-28 13:22:00,Yes,2024-01-07 15:56:00,2024-01-22 11:04:00,No,2025-11-18 17:03:29,2026-11-18 00:00:00,Administrator,No,,Yes,2025-10-06 10:58:04,Yes,2025-10-06 10:58:05,user_00094,[REDACTED],Active,,,,First00204,,Last00196,,,Mr,,,,,,user00245@example.invalid,,No,,,[ADDR1_00090],,Fort Worth,Texas,TX,760XX,United States,,,,,,817,5550359,[ORG_00215],Principal,,[EADDR1_00091],,Fort Worth,Texas,TX,760XX,United States,,,817,5550359,,817,5550360,No,,,,,srch_00001,,False,False,2025-11-18 17:03:29,2026-11-18 00:00:00,,0,0,0,338,,,,,Administration,Administration,Under 40,"Up to 35,000 students",,Tarrant - 2,No,,,2,
000247,,9ba56f4f-6e90-3663-e7b5-0e3fff8de598,,2026-06-23 17:57:35,Yes,2026-07-10 22:01:37,2026-07-11 10:00:10,No,2026-07-11 10:02:18,2027-07-10 00:00:00,Administrator,No,,No,,No,,user_00095,[REDACTED],Active,,,,First00042,,Last00227,,,Mr.,,,,,,user00246@example.invalid,alt00064@example.invalid,No,,,[ADDR1_00091],,Cut and Shoot,Texas,TX,773XX,United States,,,,,,832,5550361,[ORG_00216],CTE Coordinator / Assistant Principal,,[EADDR1_00092],,Cut and Shoot,Texas,TX,773XX,United States,,,936,5550362,,936,5550363,No,,,,,srch_00001,,False,False,2026-07-10 22:01:30,2027-07-10 00:00:00,,0,0,0,338,,,,,Administration,Administration,Under 60,"Up to 10,000 students",,Montgomery - 5,Yes,,,5,
000248,,bb5dcb46-d5c0-c30f-a76c-23e07480fe66,,,No,,,No,2016-05-19 10:19:10,,,No,,No,,No,,,,,,,,First00021,,Last00228,,,,,,,,,user00247@example.invalid,,No,,,,,,,,,,,,,5550364,,,,[ORG_00217],"Health Science Teacher, RN",,,,,,,,,,,,,,,,No,,,,,srch_00001,,False,False,,,,0,10,0,,,,,,,,,,,,,,,,
000249,,34a95365-8d70-5974-3501-8732ce7cf720,,,No,,,No,2017-01-10 09:55:31,,,No,,No,,No,,,,,,,,First00048,,Last00049,,,,,,,,,user00248@example.invalid,,No,,,,,,,,,,,,,5550365,,,,[ORG_00218],Director ,,,,,,,,,,,,,,,,No,,,,,srch_00001,,False,False,,,,0,10,0,,,,,,,,,,,,,,,,
000250,,a4a1c630-b6dc-637d-ee5a-1da4085ee3b9,,2023-10-13 14:29:57,No,,,Yes,2023-10-13 14:29:57,,,No,,No,,No,,user_00096,[REDACTED],Teacher,,,,First00205,M00009,Last00229,,,Mr.,,,,,,user00249@example.invalid,alt00065@example.invalid,No,,,[ADDR1_00092],,Houston,Texas,TX,770XX,United States,,,,,,318,5550366,[ORG_00219],Welding Teacher,,[EADDR1_00093],,Houston,Texas,TX,770XX,United States,,,281,5550367,,,,No,,,,[REDACTED_FREETEXT],srch_00001,,False,False,,,,0,10,0,338,,,,,Teacher ,Teacher,Under 50,"Up to 50,000 students",,Harris - 6,Yes,,,12,Education and Training
000251,,ad1ffa60-c2d2-b50d-1a57-75fc88dd8f55,,,No,,,No,2025-03-28 17:25:13,,,No,,No,,No,,,,,,,,First00051,,Last00230,,,,,,,,,user00250@example.invalid,,No,,,,,,,,,,,,,5550368,,,,[ORG_00220],Career Education Outreach Manger,,,,,,,,,,,,,,,,No,,,,,srch_00001,,False,False,,,,0,10,0,,,,,,,,,,,,,,,,
000252,,420f12be-0e1b-5249-de0d-d4ccc69c1e6e,,,No,,,No,2016-06-14 17:57:40,,,No,,No,,No,,,,,,,,First00206,,Last00231,,,,,,,,,user00251@example.invalid,,No,,,,,,,,,,,,,5550369,,,,[ORG_00056],CCTE Assistant Principal,,,,,,,,,,,,,,,,No,,,,,srch_00001,,False,False,,,,0,10,0,,,,,,,,,,,,,,,,
000253,,9ba5bf7d-11df-d989-f60d-6d1708fa012f,,,No,,,No,2023-03-31 15:12:10,,,No,,No,,No,,,,,,,,First00207,,Last00232,,,,,,,,,user00252@example.invalid,,No,,,,,,,,,,,,,5550370,,,,[ORG_00221],Counselor,,,,,,,,,,,,,,,,No,,,,,srch_00001,,False,False,,,,0,10,0,,,,,,,,,,,,,,,,
000254,,3e949a9b-206a-d23b-c59f-9389900a846c,,2025-06-24 00:00:00,Yes,2025-06-25 12:42:00,2026-06-10 23:44:57,No,2026-02-03 14:03:22,2027-06-23 00:00:00,Teacher,No,,No,,No,,user_00097,[REDACTED],Teacher,,,,First00067,M00010,Last00233,,,Ms.,,,,2025-01-01,,user00253@example.invalid,alt00066@example.invalid,No,,,[ADDR1_00093],,Uvalde,Texas,TX,788XX,United States,,,,,,830,5550371,[ORG_00222],CTE Law Enforcement Teacher,,[EADDR1_00094],,Uvalde,Texas,TX,788XX,United States,,,830,5550372,,,,No,,,,,srch_00001,,False,False,2025-06-24 19:54:00,2027-06-23 00:00:00,,0,0,0,338,,,,,Teacher ,Teacher,Under 60,"Up to 5,000 students",,Uvalde - 7,No,,,7,"Law, Public Safety and Security"
000255,,d3181fa9-bb5e-08db-df22-d399b1ec544a,,,No,,,No,2019-01-16 18:00:47,,,No,,No,,No,,,,,,,,First00208,,Last00089,,,,,,,,,user00254@example.invalid,,No,,,,,,,,,,,,,5550373,,,,[ORG_00223],Government and Public Services CTE Pathway Teacher,,,,,,,,,,,,,,,,No,,,,,srch_00001,,False,False,,,,0,10,0,,,,,,,,,,,,,,,,
000256,,c01808c8-daeb-cd7c-c33e-b1425b2decd0,,2025-10-01 16:14:48,Yes,2025-11-14 12:11:43,2026-07-14 16:50:03,No,2025-12-03 09:36:54,2026-11-14 00:00:00,Administrator,No,,Yes,2026-03-05 13:27:31,Yes,2026-03-05 13:27:31,user_00098,[REDACTED],Active,,,,First00029,,Last00234,,,,,,,,,user00255@example.invalid,alt00067@example.invalid,No,,,[ADDR1_00094],[ADDR2_00006],"Lewisville, TX",Texas,TX,750XX,United States,,,,,,469,5550374,[ORG_00224],CTE Administrator,,[EADDR1_00095],[EADDR2_00007],"Lewisville, TX",Texas,TX,750XX,United States,,,469,5550374,,469,5550374,No,,,,,srch_00001,,False,False,2025-11-14 12:11:38,2026-11-14 00:00:00,,0,0,0,338,,,,,Administration,Administration,Under 60,"Up to 50,000 students",,Denton - 2,No,,,2,
000257,,98eb69f1-3c3e-cb73-44b4-e52b7438ae62,,2023-01-24 13:46:00,Yes,2023-01-24 13:52:00,2024-05-21 13:58:38,Yes,2024-01-24 00:10:39,2025-01-24 00:00:00,Administrator,No,,Yes,2023-05-17 16:03:52,Yes,2023-05-17 16:03:53,user_00099,[REDACTED],Active,,,,First00044,,Last00235,,,,,,,,,user00256@example.invalid,,No,,,[ADDR1_00095],,Rockport,Texas,TX,783XX,United States,,,,,,832,5550375,[ORG_00225],Senior Success Advisor,,[EADDR1_00096],,Rockport,Texas,TX,783XX,United States,https://example.invalid/e00013,,361,5550376,,361,5550377,No,,,,,srch_00001,,False,False,2024-01-24 00:10:39,2025-01-24 00:00:00,,0,0,0,338,,,,,Administration,Guidance,Under 60,"Up to 5,000 students",,Aransas - 8,Yes,,,8,
000258,,348465e2-45a8-a31b-43da-11e4fcf60cad,,,No,,,No,2020-05-28 13:39:35,,,No,,No,,No,,,,,,,,First00141,,Last00236,,,,,,,,,user00257@example.invalid,,No,,,,,,,,,,,,,5550378,,,,[ORG_00008],CTE teacher,,,,,,,,,,,,,,,,No,,,,,srch_00001,,False,False,,,,0,10,0,,,,,,,,,,,,,,,,
000259,,74e7746b-9b62-2555-4d25-f041277d8add,,,No,,,No,2022-06-28 18:28:14,,,No,,No,,No,,,,,,,,First00209,,Last00237,,,,,,,,,user00258@example.invalid,,No,,,,,,,,,,,,,5550379,,,,[ORG_00226],Academic Advisor,,,,,,,,,,,,,,,,No,,,,,srch_00001,,False,False,,,,0,10,0,,,,,,,,,,,,,,,,
000260,,ac6289d2-3d38-2819-53d4-0a85ae3a7358,,2025-04-04 10:27:00,Yes,2025-06-17 11:17:00,2026-05-14 16:57:00,No,2026-06-16 17:08:27,2027-06-17 00:00:00,Administrator,No,,No,,No,,user_00100,[REDACTED],Active,,,,First00210,M00011,Last00238,,,Mrs.,,,,,,user00259@example.invalid,alt00068@example.invalid,No,,,[ADDR1_00096],,San Antonio,Texas,TX,782XX,United States,,,,,,210,5550380,[ORG_00227],Instructional Support,,[EADDR1_00097],,San Antonio,Texas,TX,782XX,United States,,,210,5550380,,210,5550381,No,,,,,srch_00001,,False,False,2026-06-16 17:08:27,2027-06-17 00:00:00,,0,0,0,338,,,,,Not applicable,Administration,Under 50,50000,,Bexar - 7,,,,7,
000261,,600f7b08-5264-e73f-2aa5-015ffac922c0,,2022-06-09 14:41:00,Yes,2022-06-09 15:03:00,2023-07-19 16:31:27,Yes,2023-06-20 18:54:53,2024-06-20 00:00:00,Associate,No,,Yes,2023-03-31 07:54:34,Yes,2023-03-31 07:54:34,user_00101,[REDACTED],Associate,,,,First00166,,Last00239,,,,1975-01-01,,,,,user00260@example.invalid,,No,,,[ADDR1_00097],,Liberty,Texas,TX,775XX,United States,,,,,,936,5550382,[ORG_00228],Teacher,Education,[EADDR1_00098],,Liberty,Texas,TX,775XX,United States,,,936,5550383,,936,5550384,No,,,,,srch_00001,,False,False,2023-06-20 18:54:53,2024-06-20 00:00:00,,0,0,0,466,,,,,Business/Industry,Teacher,Under 50,"Up to 5,000 students",,Liberty - 6,,,,6,"Arts, A/V Technology and Communication|Business Management and Administration"
000262,,305b7f3d-a4ce-d2df-ca86-4f03124bb712,,,No,,,No,2020-06-16 19:59:21,,,No,,No,,No,,,,,,,,First00211,,Last00240,,,,,,,,,user00261@example.invalid,,No,,,,,,,,,,,,,5550385,,,,[ORG_00229],Superintendent,,,,,,,,,,,,,,,,No,,,,,srch_00001,,False,False,,,,0,10,0,,,,,,,,,,,,,,,,
000263,,9d2e42ae-9e93-d6e9-1dba-c89cbd17e064,,,No,,,No,2025-05-29 15:53:35,,,No,,No,,No,,,,,,,,First00212,,Last00241,,,,,,,,,user00262@example.invalid,,No,,,,,,,,,,,,,5550386,,,,[ORG_00219],"Coordinator 1, Postsecondary",,,,,,,,,,,,,,,,No,,,,,srch_00001,,False,False,,,,0,10,0,,,,,,,,,,,,,,,,
000264,,b6e5ca6b-930f-b9c1-5553-efeb8b63e448,,,No,,,No,2025-08-26 11:30:36,,,No,,No,,No,,,,,,,,First00042,,Last00242,,,,,,,,,user00263@example.invalid,,No,,,,,,,,,,,,,5550387,,,,[ORG_00230],CTE Electrical / Construction,,,,,,,,,,,,,,,,No,,,,,srch_00001,,False,False,,,,0,10,0,,,,,,,,,,,,,,,,
000265,,24d7df53-08d1-abfe-2890-4f3c049b38ee,,,No,,,No,2018-03-22 11:27:47,,,No,,No,,No,,,,,,,,First00213,,Last00243,,,,,,,,,user00264@example.invalid,,No,,,,,,,,,,,,,5550388,,,,[ORG_00230],Counselor,,,,,,,,,,,,,,,,No,,,,,srch_00001,,False,False,,,,0,10,0,,,,,,,,,,,,,,,,
000266,,d868ef04-c740-8c15-794b-e02d2ab306b4,,,No,,,No,2018-11-26 15:50:49,,,No,,No,,No,,,,,,,,First00214,,Last00244,,,,,,,,,user00265@example.invalid,,No,,,,,,,,,,,,,5550389,,,,[ORG_00231],Career and Technical Counselor,,,,,,,,,,,,,,,,No,,,,,srch_00001,,False,False,,,,0,10,0,,,,,,,,,,,,,,,,
000267,,149de4c9-721c-b945-2d1a-87daa990fa22,,2014-09-19 00:00:00,Yes,2016-03-31 12:06:00,2022-02-07 16:33:00,Yes,2023-10-04 12:12:25,2023-10-03 00:00:00,Administrator,No,,Yes,2021-10-18 15:00:54,Yes,2021-10-18 15:00:54,user_00102,[REDACTED],Active,,,,First00215,,Last00245,,,Ms.,,,,,,user00266@example.invalid,alt00069@example.invalid,No,,,[ADDR1_00098],,Cumby,Texas,TX,754XX,United States,,,,,,903,5550390,[ORG_00232],Director of College and Career Readiness,,[EADDR1_00099],,Sulphur Springs,Texas,TX,754XX,United States,https://example.invalid/e00014,,903,5550391,,903,5550392,No,,,,,srch_00001,[REDACTED_FREETEXT],False,False,2023-10-03 00:14:00,2023-10-03 00:00:00,153458,0,0,0,338,,,,,Administration,Administration,Under 50,"Up to 5,000 students",ACTE000008,Hopkins - 3,Yes,1,2015-10-31 00:00:00,3,
000268,,298db2e5-6acf-a3c4-fbfa-4adb46545de5,,2022-05-25 21:15:32,Yes,2022-07-05 16:56:27,2023-07-13 15:20:24,Yes,2023-07-13 15:20:15,2024-07-05 00:00:00,Active Leadership,No,,Yes,2023-05-25 12:49:23,Yes,2023-05-25 12:49:23,user_00103,[REDACTED],Active,,,,First00216,,Last00246,,,,,,,,,user00267@example.invalid,alt00070@example.invalid,No,,,[ADDR1_00099],,Coppell,Texas,TX,750XX,United States,,,,,,214,5550393,[ORG_00233],A/V teacher,,[EADDR1_00100],,Coppell,Texas,TX,750XX,United States,,,214,5550393,,214,5550394,No,,,,,srch_00001,,False,False,2023-06-14 14:29:45,2024-07-05 00:00:00,,0,0,0,338,,,,,Teacher ,Teacher,Under 60,"Up to 35,000 students",,Dallas - 2,Yes,,,2,
000269,,63ce5c00-e591-cbc0-23e7-ccbe49b2e4ad,,2022-10-14 00:00:00,Yes,2022-10-14 12:52:19,2022-10-28 12:32:49,Yes,2022-10-28 12:32:40,2023-10-14 00:00:00,Active Instructional,No,,Yes,2022-10-28 13:17:22,Yes,2022-10-28 13:17:00,user_00104,[REDACTED],Teacher,,,,First00087,,Last00247,Nick00016,,Mrs.,,,,,,user00268@example.invalid,,No,,,[ADDR1_00100],,Carthage,Texas,TX,756XX,United States,,,,,,903,5550395,[ORG_00234],Teacher,,[EADDR1_00101],,Beckville,Texas,TX,756XX,United States,,,903,5550396,,,,No,,,,,srch_00001,,False,False,2022-10-14 12:47:00,2023-10-14 00:00:00,,0,0,0,338,,,,,Teacher ,,Under 60,"Up to 5,000 students",,Panola - 3,No,,,3,"Arts, A/V Technology and Communication|Business Management and Administration"
000270,,284c1d7c-829e-f2c6-3522-5ca7e21925b6,,2018-05-20 20:46:08,No,,,Yes,2018-05-20 20:46:08,,,No,,No,,No,,user_00105,[REDACTED],Active,,,,First00217,M00012,Last00248,Nick00017,,Mr.,,,,,,user00269@example.invalid,alt00071@example.invalid,No,,,[ADDR1_00101],,San Antonio,Texas,TX,782XX,United States,,,,,,210,5550397,[ORG_00235],Magnet Coordinator,,[EADDR1_00102],,San Antonio,Texas,TX,782XX,United States,,,210,5550398,,210,5550399,No,,,,,srch_00001,,False,False,,,,0,10,0,338,,,,,Administration,Administration,Under 50,"Up to 35,000 students",,Bexar - 7,No,,,11,
000271,,f1469950-ad81-d8ef-250a-7d15c5f8a706,,2018-06-11 16:47:00,Yes,2018-06-12 17:17:55,2019-01-22 13:13:00,Yes,2019-05-31 09:08:56,2019-06-12 00:00:00,Active Leadership,No,,No,,No,,user_00106,[REDACTED],Active,,,,First00034,,Last00249,,,Mrs.,,,,,,user00270@example.invalid,alt00072@example.invalid,No,,,[ADDR1_00102],,San Antonio,Texas,TX,782XX,United States,,,,,,210,5550400,[ORG_00236],Academic Dean,,[EADDR1_00103],,San Antonio,Texas,TX,782XX,United States,,,210,5550401,,210,5550402,No,,,,,srch_00001,,False,False,2018-06-12 16:59:00,2019-06-12 00:00:00,,0,0,0,338,,,,,Administration,Administration,Under 40,"Up to 5,000 students",,Bexar - 7,No,,,7,
000272,,fd67d22c-f96b-b0c9-0f28-9d0f7037b308,,2020-06-01 17:14:10,No,,,Yes,2020-06-01 17:14:06,,,No,,Yes,2020-06-01 22:25:02,Yes,2020-06-01 22:25:02,user_00107,[REDACTED],Associate,,,,First00188,,Last00250,,II,Mr,1975-01-01,,,,,user00271@example.invalid,alt00073@example.invalid,No,,,[ADDR1_00103],,Quinlan,Texas,TX,754XX,United States,,,,,,903,5550403,[ORG_00208],Texas,Education,[EADDR1_00104],,Quinlan,Texas,TX,754XX,United States,,,903,5550404,,903,5550404,No,,,,,srch_00001,,False,False,,,,0,10,0,466,,,,,Teacher ,Teacher,Under 50,"Up to 5,000 students",,Hunt - 2,,4,,2,Health Science
000273,,2288aaf8-f922-e43e-31b0-6c99cb841fb8,,,No,,,No,2020-07-16 16:21:08,,,No,,No,,No,,,,,,,,First00001,,Last00251,,,,,,,,,user00272@example.invalid,,No,,,,,,,,,,,,,5550405,,,,[ORG_00237],CTE Teacher,,,,,,,,,,,,,,,,No,,,,,srch_00001,,False,False,,,,0,10,0,,,,,,,,,,,,,,,,
000274,,aa8113c6-7af3-3005-c4bd-0e17e7107eda,,,No,,,No,2024-09-20 08:57:34,,,No,,No,,No,,,,,,,,First00163,,Last00252,,,,,,,,,user00273@example.invalid,,No,,,,,,,,,,,,,5550406,,,,[ORG_00169],CTE Teacher,,,,,,,,,,,,,,,,No,,,,,srch_00001,,False,False,,,,0,10,0,,,,,,,,,,,,,,,,
000275,,324cbd89-5534-863b-0051-629550f1591a,,,No,,,No,2026-06-09 15:37:53,,,No,,No,,No,,,,,,,,First00218,,Last00253,,,,,,,,,user00274@example.invalid,,No,,,,,,,,,,,,,5550407,,,,[ORG_00238],Ag Teacher,,,,,,,,,,,,,,,,No,,,,,srch_00001,,False,False,,,,0,10,0,,,,,,,,,,,,,,,,
000276,,2826d1ba-5b52-6a24-39eb-77ed1f51734a,,,No,,,No,2016-05-17 23:28:15,,,No,,No,,No,,,,,,,,First00219,,Last00254,,,,,,,,,user00204@example.invalid,,No,,,,,,,,,,,,,5550408,,,,[ORG_00239],Professor,,,,,,,,,,,,,,,,No,,,,,srch_00001,,False,False,,,,0,10,0,,,,,,,,,,,,,,,,
000277,,227643b9-6f3a-b649-9b14-639e07a0fcf1,,,No,,,No,2017-05-25 12:03:12,,,No,,No,,No,,,,,,,,First00220,,Last00255,,,,,,,,,user00275@example.invalid,,No,,,,,,,,,,,,,5550409,,,,[ORG_00240],Teacher,,,,,,,,,,,,,,,,No,,,,,srch_00001,,False,False,,,,0,10,0,,,,,,,,,,,,,,,,
000278,,37e7bfa0-cf16-d144-2358-88de76db4c21,,2024-11-13 00:00:00,Yes,2024-11-13 12:45:00,,No,2024-11-13 12:46:32,2025-11-15 00:00:00,Campus Coach,No,,Yes,2024-09-23 15:23:20,Yes,2024-09-23 15:23:20,user_00108,[REDACTED],Campus Coach,,,,First00135,,Last00255,,,,,,,,,user00276@example.invalid,,No,,,,,,,,,,,,,5550410,,,,[ORG_00241],Teacher,,,,,,,,,,,,,,,,No,,,,,srch_00001,,False,False,,2025-11-15 00:00:00,,0,10,0,466,,,,,Teacher ,Teacher,Under 40,50000,,Harris - 6,,,,6,
000279,,2ce07fce-8290-4ee2-d67c-b31f59f98300,,2009-11-15 00:00:00,Yes,2016-03-31 12:06:16,2017-01-05 10:13:00,Yes,2017-01-22 15:23:38,2018-01-22 00:00:00,Active,No,,No,,No,,user_00109,[REDACTED],Active,,,,First00221,,Last00097,,,,,,,,,user00277@example.invalid,alt00074@example.invalid,No,,,[ADDR1_00104],,Pflugerville,Texas,TX,786XX,United States,,,,,,512,5550411,[ORG_00242],Budget Manager,,[EADDR1_00105],,Austin,Texas,TX,787XX,United States,,,512,5550412,,512,5550142,No,,,,,srch_00001,,False,False,2017-01-22 15:23:38,2018-01-22 00:00:00,153458,0,0,0,338,,,,,Administration,Administration,Under 60,"Up to 35,000 students",ACTE000009,Travis - 4,,6,2014-11-30 00:00:00,4,
000280,,41166b60-42c1-0044-322d-c268215036d1,,,No,,,No,2023-07-09 16:29:35,,,No,,No,,No,,,,,,,,First00222,,Last00256,,,,,,,,,user00278@example.invalid,,No,,,,,,,,,,,,,5550413,,,,[ORG_00243],Lead Counselor,,,,,,,,,,,,,,,,No,,,,,srch_00001,,False,False,,,,0,10,0,,,,,,,,,,,,,,,,
000281,,8b438aa7-11a4-01d7-6b91-36b4b95a375d,,2024-12-05 16:36:00,Yes,2025-01-05 17:41:00,2025-07-16 09:54:00,Yes,2026-05-20 14:06:29,2026-01-05 00:00:00,Administrator,No,,Yes,2026-05-20 14:10:21,Yes,2026-05-20 14:10:00,user_00110,[REDACTED],Active,,,,First00039,,Last00257,,,Mr.,,,,,,user00279@example.invalid,alt00075@example.invalid,No,,,[ADDR1_00105],,Dallas,Texas,TX,752XX,United States,,,,,,601,5550414,[ORG_00043],Coordinator,,[EADDR1_00106],,Dallas,Texas,TX,752XX,United States,,,601,5550414,,601,5550414,No,,,,,srch_00001,,False,False,2025-01-05 17:41:00,2026-01-05 00:00:00,,0,0,0,338,,,,,Administration,Administration,Under 40,50000,,Dallas - 2,No,,,2,
000282,,a03ed41b-9044-c305-2283-f86763578905,,,No,,,No,2021-01-05 16:28:08,,,No,,No,,No,,,,,,,,First00223,,Last00258,,,,,,,,,user00280@example.invalid,,No,,,,,,,,,,,,,5550415,,,,[ORG_00004],Coordinator of Counseling,,,,,,,,,,,,,,,,No,,,,,srch_00001,,False,False,,,,0,10,0,,,,,,,,,,,,,,,,
000283,,126bcba7-3653-2c3a-7bbe-54b919474a74,,,No,,,No,2022-07-07 13:53:54,,,No,,No,,No,,,,,,,,First00224,,Last00259,,,,,,,,,user00281@example.invalid,,No,,,,,,,,,,,,,5550416,,,,[ORG_00244],Teacher,,,,,,,,,,,,,,,,No,,,,,srch_00001,,False,False,,,,0,10,0,,,,,,,,,,,,,,,,
000284,,79392ff8-295b-f9b3-8e53-f66c1e782fc4,,,No,,,No,2022-04-27 11:52:16,,,No,,No,,No,,,,,,,,First00225,,Last00260,,,,,,,,,user00282@example.invalid,,No,,,,,,,,,,,,,5550417,,,,[ORG_00245],Teacher/Coach,,,,,,,,,,,,,,,,No,,,,,srch_00001,,False,False,,,,0,10,0,,,,,,,,,,,,,,,,
000285,,3ea49c23-f82e-d54a-072f-b0ed53db9d51,,,No,,,No,2017-04-25 17:09:08,,,No,,No,,No,,,,,,,,First00226,,Last00261,,,,,,,,,user00283@example.invalid,,No,,,,,,,,,,,,,5550418,,,,[ORG_00246],CTE Teacher,,,,,,,,,,,,,,,,No,,,,,srch_00001,,False,False,,,,0,10,0,,,,,,,,,,,,,,,,
000286,,17606703-e0da-ceaf-f839-9b10a41828e0,,,No,,,No,2017-05-24 15:29:56,,,No,,No,,No,,,,,,,,First00227,,Last00262,,,,,,,,,user00284@example.invalid,,No,,,,,,,,,,,,,5550419,,,,[ORG_00247],CATE Teacher,,,,,,,,,,,,,,,,No,,,,,srch_00001,,False,False,,,,0,10,0,,,,,,,,,,,,,,,,
000287,,e2d85d94-9298-0930-0a1b-6a11172243cb,,,No,,,No,2020-06-17 11:48:06,,,No,,No,,No,,,,,,,,First00228,,Last00263,,,,,,,,,user00285@example.invalid,,No,,,,,,,,,,,,,5550420,,,,[ORG_00248],HS CTE teacher/dual credit instructor,,,,,,,,,,,,,,,,No,,,,,srch_00001,,False,False,,,,0,10,0,,,,,,,,,,,,,,,,
000288,,c5966db2-70c5-7ea5-0af4-1cfccd5af55a,,2023-02-21 13:30:00,Yes,2023-03-29 16:03:00,2024-03-01 13:10:00,Yes,2024-04-04 15:21:05,2025-04-04 00:00:00,Teacher,No,,No,,No,,user_00111,[REDACTED],Active,,,,First00229,,Last00264,,,,,,,,,user00286@example.invalid,,No,,,[ADDR1_00106],,Venus,Texas,TX,760XX,United States,,,,,,214,5550421,[ORG_00066],Counselor,,[EADDR1_00107],,Fort Worth,Texas,TX,761XX,United States,,,817,5550422,,817,5550423,No,,,,,srch_00001,,False,False,2024-04-04 15:21:05,2025-04-04 00:00:00,,0,0,0,338,,,,,Guidance,Guidance,Under 40,"Up to 5,000 students",,Tarrant - 2,No,,,2,
000289,,ff8efb65-8c1e-ff3b-d742-1461ae405f2c,,,No,,,No,2020-01-06 16:50:04,,,No,,No,,No,,,,,,,,First00230,,Last00265,,,,,,,,,user00287@example.invalid,,No,,,,,,,,,,,,,5550424,,,,[ORG_00249],Sr. CTE Program Specialist ,,,,,,,,,,,,,,,,No,,,,,srch_00001,,False,False,,,,0,10,0,,,,,,,,,,,,,,,,
000290,,571c4c2f-0f6f-13e2-eafb-1f09126f8a2e,,2019-07-16 12:49:00,Yes,2019-07-16 13:11:00,2026-06-08 08:40:56,No,2025-11-03 14:41:42,2026-11-03 00:00:00,Administrator,No,,Yes,2025-10-02 12:13:50,Yes,2025-10-02 12:13:50,user_00112,[REDACTED],Active,,,,First00047,,Last00266,,,Ms.,,,,,,user00288@example.invalid,,No,,,[ADDR1_00107],,Houston,Texas,TX,770XX,United States,,,,,,281,5550425,[ORG_00250],CTE Coordinator,,[EADDR1_00108],,Houston,Texas,TX,770XX,United States,https://example.invalid/e00015,,713,5550426,,713,5550426,No,,,,,srch_00001,,False,False,2025-11-03 14:41:42,2026-11-03 00:00:00,,0,0,0,338,,,,,Administration,Administration,Under 40,"Up to 35,000 students",,Harris - 6,No,,,6,
000291,,761b1e24-10aa-d6d2-ba0f-bd3eac723d83,,2019-01-16 13:37:46,No,,,Yes,2019-01-16 13:37:46,,,No,,No,,No,,user_00113,[REDACTED],Active,,,,First00043,,Last00267,,,Ms,,,,,,user00289@example.invalid,,No,,,[ADDR1_00108],[ADDR2_00007],Lewisville,Texas,TX,750XX,United States,,,,,,469,5550427,[ORG_00233],Administrator,,[EADDR1_00109],,Coppell,Texas,TX,750XX,United States,,,214,5550428,,111,5550429,No,,,,,srch_00001,,False,False,,,,0,10,0,338,,,,,Administration,Administration,Under 50,"Up to 35,000 students",,Dallas - 2,,,,2,
000292,,7b42131c-e1f2-f05e-3334-56f91f302e9b,,2016-04-18 11:42:00,Yes,2016-04-18 11:42:24,2016-06-07 16:19:00,Yes,2020-09-30 12:52:40,2017-04-03 00:00:00,Active,No,,Yes,2016-05-03 17:17:25,Yes,2016-05-03 17:17:27,user_00114,[REDACTED],Active,,,Female,First00231,,Last00268,,,,,,,,,user00290@example.invalid,,No,,,[ADDR1_00109],,El Paso,Texas,TX,799XX,United States,,,915,5550430,,,,[ORG_00251],Exploring Careers Teacher,Education,[EADDR1_00110],,El Paso,Texas,TX,799XX,United States,,,915,5550431,,915,5550432,No,,,,,srch_00001,,False,False,2016-04-18 14:52:00,2017-04-03 00:00:00,153458,0,0,0,338,,,,,Administration,Administration,Under 60,"Up to 50,000 students",,El Paso - 11,,,,11,
000293,,695ece99-7fa0-acf6-ba7d-8e9865ab1ab3,,,No,,,No,2023-05-08 12:13:23,,,No,,No,,No,,,,,,,,First00232,,Last00269,,,,,,,,,user00291@example.invalid,,No,,,,,,,,,,,,,5550433,,,,[ORG_00252],Mr. Eduardo Jaquez ,,,,,,,,,,,,,,,,No,,,,,srch_00001,,False,False,,,,0,10,0,,,,,,,,,,,,,,,,
000294,,5eec0c97-01b7-b5bf-8fe7-c0d7a0b6ff6b,,,No,,,No,2022-10-13 19:00:35,,,No,,No,,No,,,,,,,,First00174,,Last00270,,,,,,,,,user00292@example.invalid,,No,,,,,,,,,,,,,5550434,,,,[ORG_00253],School Counselor,,,,,,,,,,,,,,,,No,,,,,srch_00001,,False,False,,,,0,10,0,,,,,,,,,,,,,,,,
000295,,7851157e-874c-7418-f4c1-195d54524648,,,No,,,No,2024-10-23 08:49:20,,,No,,No,,No,,,,,,,,First00233,,Last00271,,,,,,,,,user00293@example.invalid,,No,,,,,,,,,,,,,5550435,,,,[ORG_00254],Teacher,,,,,,,,,,,,,,,,No,,,,,srch_00001,,False,False,,,,0,10,0,,,,,,,,,,,,,,,,
000296,,7546151f-21a9-213c-46c0-24a8fb58d748,,,No,,,No,2020-02-10 18:40:46,,,No,,No,,No,,,,,,,,First00115,,Last00272,,,,,,,,,user00294@example.invalid,,Yes,,,,,,,,,,,,,5550436,,,,[ORG_00029],Director,,,,,,,,,,,,,,,,No,,,,,srch_00001,,False,False,,,,0,10,0,,,,,,,,,,,,,,,,
000297,,c2b90916-3b0b-d310-64d9-f5fe5ca85d7d,,,No,,,No,2019-01-24 17:48:49,,,No,,No,,No,,,,,,,,First00218,,Last00273,,,,,,,,,user00295@example.invalid,,No,,,,,,,,,,,,,5550437,,,,[ORG_00018],Teacher,,,,,,,,,,,,,,,,No,,,,,srch_00001,,False,False,,,,0,10,0,,,,,,,,,,,,,,,,
000298,,8397ca9d-bd71-3a3b-81be-9094303bb93b,,2024-03-19 00:00:00,Yes,2024-05-14 17:11:00,,Yes,2024-06-21 12:58:51,2025-05-14 00:00:00,Administrator,No,,Yes,2024-03-19 10:26:46,Yes,2024-03-19 10:26:46,user_00115,[REDACTED],Active,,,,First00088,,Last00120,,,,,,,,,user00296@example.invalid,alt00076@example.invalid,No,,,[ADDR1_00110],,Mount Vernon,Texas,TX,754XX,United States,,,,,,903,5550438,[ORG_00255],Counselor,,[EADDR1_00111],,Mount Vernon,Texas,TX,754XX,United States,,,903,5550438,,903,5550439,No,,,,,srch_00001,,False,False,2024-05-14 17:11:00,2025-05-14 00:00:00,,0,0,0,338,,,,,Guidance,Guidance,Under 60,"Up to 5,000 students",,Franklin - 3,No,,,3,
000299,,5aa64ef5-949c-f7c4-2bac-0cce6301fbc4,,,No,,,No,2020-04-27 09:55:59,,,No,,No,,No,,,,,,,,First00234,,Last00274,,,,,,,,,user00297@example.invalid,,No,,,,,,,,,,,,,5550440,,,,[ORG_00096],Teacher,,,,,,,,,,,,,,,,No,,,,,srch_00001,,False,False,,,,0,10,0,,,,,,,,,,,,,,,,
000300,,dddc9c19-27d4-fd3f-b481-18ec1587bab3,,2022-08-23 13:41:00,Yes,2022-08-23 16:00:00,2025-08-23 16:27:24,Yes,2024-08-23 00:03:55,2025-08-23 00:00:00,Administrator,No,,Yes,2024-07-16 09:39:04,Yes,2024-07-16 09:39:05,user_00116,[REDACTED],Active,,,,First00235,,Last00275,,,Mr,,,,,,user00298@example.invalid,,No,,,[ADDR1_00111],,McKinney,Texas,TX,750XX,United States,,,,,,469,5550441,[ORG_00029],CTE Specialist,,[EADDR1_00112],,Richardson,Texas,TX,750XX,United States,,,469,5550442,,469,5550443,No,,,,,srch_00001,,False,False,2024-08-23 00:03:55,2025-08-23 00:00:00,,0,0,0,338,,,,,Administration,Administration,Under 40,"Up to 50,000 students",,Dallas - 2,Yes,,,2,
